,Configuration,Scale,trial,session_num,user,visits,perc_error,duration,Session,accuracy,age,gender,gaming_habits,route_planning,route_optimizations,GPS_usage,transitions_lenght,transitions_error
0,C1,S1,1,10,Abd,1-10-9-8-7-6-5-4-3-2-1,1.04253971939505,27.713300000000004,C1_S1,100.0,25,male,4.0,3.0,4.0,4.0,172.83672869778508,0.0
1,C1,S1,2,10,Abd,1-10-9-8-7-6-5-4-3-2-1,1.3915929871863764,25.996700000000036,C1_S1,100.0,25,male,4.0,3.0,4.0,4.0,172.83672869778508,0.0
2,C1,S1,3,10,Abd,1-10-9-8-7-6-5-4-3-2-1,0.8123055344459803,26.16330000000005,C1_S1,100.0,25,male,4.0,3.0,4.0,4.0,172.83672869778508,0.0
3,C1,S1,4,10,Abd,1-10-9-8-7-6-5-4-3-2-1,0.0,26.096599999999967,C1_S1,100.0,25,male,4.0,3.0,4.0,4.0,172.83672869778508,0.0
4,C1,S1,5,10,Abd,1-2-3-4-5-6-7-8-9-10-1,0.3468616894936325,26.246600000000058,C1_S1,100.0,25,male,4.0,3.0,4.0,4.0,172.8367286977851,1.6444253281431282e-14
5,C1,S1,6,10,Abd,1-10-9-8-7-6-5-4-3-2-1,1.4659289537701312,26.63029999999992,C1_S1,100.0,25,male,4.0,3.0,4.0,4.0,172.83672869778508,0.0
6,C1,S2,1,8,Abd,1-10-9-8-7-6-5-4-3-2-1,0.5333122693884246,54.00967,C1_S2,100.0,25,male,4.0,3.0,4.0,4.0,345.67345739557015,0.0
7,C1,S2,2,8,Abd,1-10-9-8-7-6-5-4-3-2-1,0.0,52.82654,C1_S2,100.0,25,male,4.0,3.0,4.0,4.0,345.67345739557015,0.0
8,C1,S2,3,8,Abd,1-10-9-8-7-6-5-4-3-2-1,0.2989078713766412,54.4618,C1_S2,100.0,25,male,4.0,3.0,4.0,4.0,345.67345739557015,0.0
9,C1,S2,4,8,Abd,1-10-9-8-7-6-5-4-3-2-1,0.5390834793867345,54.493,C1_S2,100.0,25,male,4.0,3.0,4.0,4.0,345.67345739557015,0.0
10,C1,S2,5,8,Abd,1-2-3-4-5-6-7-8-9-10-1,4.076514585567382,52.67849999999999,C1_S2,100.0,25,male,4.0,3.0,4.0,4.0,345.6734573955702,1.6444253281431282e-14
11,C1,S2,6,8,Abd,1-10-9-8-7-6-5-4-3-2-1,4.378308061943161,57.19470000000001,C1_S2,100.0,25,male,4.0,3.0,4.0,4.0,345.67345739557015,0.0
12,C1,S3,1,9,Abd,1-10-9-8-7-6-5-4-3-2-1,0.5162856558570613,80.6603,C1_S3,100.0,25,male,4.0,3.0,4.0,4.0,518.5101860933553,0.0
13,C1,S3,2,9,Abd,1-10-9-8-7-6-5-4-3-2-1,1.400013323500785,82.05610000000001,C1_S3,100.0,25,male,4.0,3.0,4.0,4.0,518.5101860933553,0.0
14,C1,S3,3,9,Abd,1-10-9-8-7-6-5-4-3-2-1,0.2970288593224086,97.37079999999996,C1_S3,100.0,25,male,4.0,3.0,4.0,4.0,518.5101860933553,0.0
15,C1,S3,4,9,Abd,1-10-9-8-7-6-5-4-3-2-1,0.1384830729570128,78.32320000000004,C1_S3,100.0,25,male,4.0,3.0,4.0,4.0,518.5101860933553,0.0
16,C1,S3,5,9,Abd,1-10-9-8-7-6-5-4-3-2-1,0.1552342767198175,77.74000000000001,C1_S3,100.0,25,male,4.0,3.0,4.0,4.0,518.5101860933553,0.0
17,C1,S3,6,9,Abd,1-10-9-8-7-6-5-4-3-2-1,0.0,78.88990000000001,C1_S3,100.0,25,male,4.0,3.0,4.0,4.0,518.5101860933553,0.0
18,C2,S1,1,5,Abd,1-2-5-4-3-6-7-8-9-10-1,2.4620082040822755,43.34450000000004,C2_S1,80.0,25,male,4.0,3.0,4.0,4.0,173.87526226247925,0.0
19,C2,S1,2,5,Abd,1-10-9-8-7-6-3-5-4-2-1,2.0737427177619834,33.42009999999999,C2_S1,70.0,25,male,4.0,3.0,4.0,4.0,174.0811416276921,0.11840635783027323
20,C2,S1,3,5,Abd,1-2-4-5-3-6-7-8-9-10-1,0.2748355507017451,39.14700000000005,C2_S1,70.0,25,male,4.0,3.0,4.0,4.0,174.08114162769206,0.1184063578302569
21,C2,S1,4,5,Abd,1-2-4-5-3-6-7-8-9-10-1,1.4502396975844682,31.462599999999952,C2_S1,70.0,25,male,4.0,3.0,4.0,4.0,174.08114162769206,0.1184063578302569
22,C2,S1,5,5,Abd,1-2-4-3-6-5-7-8-9-10-1,3.7685619470893377,32.262500000000045,C2_S1,70.0,25,male,4.0,3.0,4.0,4.0,180.03835778534702,3.5445499507365543
23,C2,S1,6,5,Abd,1-2-4-5-3-6-7-8-9-10-1,0.0,34.26220000000001,C2_S1,70.0,25,male,4.0,3.0,4.0,4.0,174.08114162769206,0.1184063578302569
24,C2,S2,1,4,Abd,1-10-9-8-7-6-3-4-5-2-1,1.531085611188708,69.59109,C2_S2,80.0,25,male,4.0,3.0,4.0,4.0,347.7512296743647,0.0
25,C2,S2,2,4,Abd,1-2-3-4-5-6-7-8-9-10-1,0.0,63.82513999999999,C2_S2,100.0,25,male,4.0,3.0,4.0,4.0,348.98039496722794,0.3534610917161164
26,C2,S2,3,4,Abd,1-2-3-6-4-5-7-8-9-10-1,4.581254159685791,73.42590000000001,C2_S2,70.0,25,male,4.0,3.0,4.0,4.0,361.5384023570869,3.9646654005026956
27,C2,S2,4,4,Abd,1-10-9-8-7-6-5-4-3-2-1,2.85996559233488,64.15839999999997,C2_S2,100.0,25,male,4.0,3.0,4.0,4.0,348.980394967228,0.35346109171613277
28,C2,S2,5,4,Abd,1-2-3-4-5-6-7-8-9-10-1,0.5760991426703327,59.15909999999997,C2_S2,100.0,25,male,4.0,3.0,4.0,4.0,348.98039496722794,0.3534610917161164
29,C2,S2,6,4,Abd,1-2-3-4-5-6-7-8-9-10-1,0.4980671606550683,62.3254,C2_S2,100.0,25,male,4.0,3.0,4.0,4.0,348.98039496722794,0.3534610917161164
30,C2,S3,1,6,Abd,1-10-9-8-7-6-5-3-4-2-1,3.0211641778736538,91.92360000000008,C2_S3,80.0,25,male,4.0,3.0,4.0,4.0,533.6548056639396,0.0
31,C2,S3,2,6,Abd,1-2-4-3-6-5-7-8-9-10-1,4.918911207011865,99.53719999999998,C2_S3,70.0,25,male,4.0,3.0,4.0,4.0,540.1210594506254,1.2116922246471469
32,C2,S3,3,6,Abd,1-10-9-8-7-6-5-3-4-2-1,2.988913338354873,90.88839999999992,C2_S3,80.0,25,male,4.0,3.0,4.0,4.0,533.6548056639396,0.0
33,C2,S3,4,6,Abd,1-10-9-8-7-6-5-3-4-2-1,2.5470807085970173,86.822,C2_S3,80.0,25,male,4.0,3.0,4.0,4.0,533.6548056639396,0.0
34,C2,S3,5,6,Abd,1-10-9-8-7-6-3-4-5-2-1,0.3421376576559962,81.72299999999996,C2_S3,80.0,25,male,4.0,3.0,4.0,4.0,521.64189924275,0.0
35,C2,S3,6,6,Abd,1-10-9-8-7-6-3-4-5-2-1,0.0,85.11999999999989,C2_S3,80.0,25,male,4.0,3.0,4.0,4.0,521.64189924275,0.0
36,C3,S1,1,11,Abd,1-10-9-8-6-7-5-4-3-2-1,5.669907670088207,31.062999999999988,C3_S1,80.0,25,male,4.0,3.0,4.0,4.0,168.48027569921615,0.0
37,C3,S1,2,11,Abd,1-10-9-8-7-6-5-4-3-2-1,0.3978181255480413,29.11500000000001,C3_S1,100.0,25,male,4.0,3.0,4.0,4.0,162.29329169471842,0.0
38,C3,S1,3,11,Abd,1-10-9-8-7-6-5-4-3-2-1,1.1514803734461223,38.16200000000004,C3_S1,100.0,25,male,4.0,3.0,4.0,4.0,162.29329169471842,0.0
39,C3,S1,4,11,Abd,1-10-9-8-7-6-5-4-3-2-1,0.6709392892144115,110.15200000000004,C3_S1,100.0,25,male,4.0,3.0,4.0,4.0,162.29329169471842,0.0
40,C3,S1,5,11,Abd,1-10-9-8-7-6-5-4-3-2-1,0.6995022437716025,28.712999999999965,C3_S1,100.0,25,male,4.0,3.0,4.0,4.0,162.29329169471842,0.0
41,C3,S1,6,11,Abd,1-10-9-8-7-6-5-4-3-2-1,0.0,27.39599999999996,C3_S1,100.0,25,male,4.0,3.0,4.0,4.0,162.29329169471842,0.0
42,C3,S2,1,13,Abd,1-10-9-8-7-6-5-4-3-2-1,0.3864369726320358,53.559999999999945,C3_S2,100.0,25,male,4.0,3.0,4.0,4.0,324.696321257674,0.0
43,C3,S2,2,13,Abd,1-10-9-8-7-6-5-4-3-2-1,0.2953998304197703,50.276999999999816,C3_S2,100.0,25,male,4.0,3.0,4.0,4.0,324.696321257674,0.0
44,C3,S2,3,13,Abd,1-10-9-8-7-6-5-4-3-2-1,0.1866575336531218,49.6099999999999,C3_S2,100.0,25,male,4.0,3.0,4.0,4.0,324.696321257674,0.0
45,C3,S2,4,13,Abd,1-10-9-8-7-6-5-4-3-2-1,0.034154624388591,51.29299999999989,C3_S2,100.0,25,male,4.0,3.0,4.0,4.0,324.696321257674,0.0
46,C3,S2,5,13,Abd,1-10-9-8-7-6-5-4-3-2-1,0.0,92.70500000000015,C3_S2,100.0,25,male,4.0,3.0,4.0,4.0,324.696321257674,0.0
47,C3,S2,6,13,Abd,1-10-9-8-7-6-5-4-3-2-1,0.3770821214667689,50.39399999999978,C3_S2,100.0,25,male,4.0,3.0,4.0,4.0,324.696321257674,0.0
48,C3,S3,1,12,Abd,1-10-9-8-7-6-5-4-3-2-1,0.2352620847475656,77.63300000000004,C3_S3,100.0,25,male,4.0,3.0,4.0,4.0,487.04730642825336,0.0
49,C3,S3,2,12,Abd,1-10-9-8-7-6-5-4-3-2-1,0.1799539826614058,79.24000000000001,C3_S3,100.0,25,male,4.0,3.0,4.0,4.0,487.04730642825336,0.0
50,C3,S3,3,12,Abd,1-10-9-8-7-6-5-4-3-2-1,0.7550875763578142,75.99000000000001,C3_S3,100.0,25,male,4.0,3.0,4.0,4.0,487.04730642825336,0.0
51,C3,S3,4,12,Abd,1-10-9-8-7-6-5-4-3-2-1,0.1876443238007772,76.97400000000016,C3_S3,100.0,25,male,4.0,3.0,4.0,4.0,487.04730642825336,0.0
52,C3,S3,5,12,Abd,1-10-9-8-7-6-5-4-3-2-1,0.2549659858289863,76.125,C3_S3,100.0,25,male,4.0,3.0,4.0,4.0,487.04730642825336,0.0
53,C3,S3,6,12,Abd,1-10-9-8-7-6-5-4-3-2-1,0.0,76.53999999999996,C3_S3,100.0,25,male,4.0,3.0,4.0,4.0,487.04730642825336,0.0
54,C4,S1,1,4,Abd,1-10-9-8-7-6-5-4-3-2-1,1.8481572872721463,54.009000000000015,C4_S1,100.0,25,male,4.0,3.0,4.0,4.0,163.18914552003673,0.0
55,C4,S1,2,4,Abd,1-10-9-7-8-6-5-4-3-2-1,6.223800047759306,34.07899999999995,C4_S1,80.0,25,male,4.0,3.0,4.0,4.0,169.9577492664097,4.147704631213912
56,C4,S1,3,4,Abd,1-10-9-8-7-6-5-4-3-2-1,1.143484836424428,29.745999999999867,C4_S1,100.0,25,male,4.0,3.0,4.0,4.0,163.18914552003673,0.0
57,C4,S1,4,4,Abd,1-10-9-8-7-6-5-4-3-2-1,1.4597787152750237,26.945999999999916,C4_S1,100.0,25,male,4.0,3.0,4.0,4.0,163.18914552003673,0.0
58,C4,S1,5,4,Abd,1-10-9-8-7-6-5-4-3-2-1,1.5524954230677492,26.496999999999844,C4_S1,100.0,25,male,4.0,3.0,4.0,4.0,163.18914552003673,0.0
59,C4,S1,6,4,Abd,1-10-9-8-7-6-5-4-3-2-1,0.0,33.49599999999987,C4_S1,100.0,25,male,4.0,3.0,4.0,4.0,163.18914552003673,0.0
60,C4,S2,1,3,Abd,1-10-9-8-7-6-5-4-3-2-1,0.8143774161915411,72.94050000000004,C4_S2,100.0,25,male,4.0,3.0,4.0,4.0,326.4079399125775,0.0
61,C4,S2,2,3,Abd,1-2-3-4-5-6-7-8-9-10-1,0.0,74.30100000000004,C4_S2,100.0,25,male,4.0,3.0,4.0,4.0,326.40793991257743,0.0
62,C4,S2,3,3,Abd,1-10-9-8-7-6-5-4-3-2-1,0.7522878617252883,59.257999999999925,C4_S2,100.0,25,male,4.0,3.0,4.0,4.0,326.4079399125775,1.741483950299509e-14
63,C4,S2,4,3,Abd,1-10-9-8-7-6-5-4-3-2-1,0.6799692319363583,57.45900000000006,C4_S2,100.0,25,male,4.0,3.0,4.0,4.0,326.4079399125775,1.741483950299509e-14
64,C4,S2,5,3,Abd,1-2-3-4-5-6-8-7-9-10-1,5.149764233804939,62.13999999999987,C4_S2,80.0,25,male,4.0,3.0,4.0,4.0,339.9584871743721,4.15141471908556
65,C4,S2,6,3,Abd,1-10-9-8-7-6-5-4-3-2-1,0.371044938908479,55.67600000000016,C4_S2,100.0,25,male,4.0,3.0,4.0,4.0,326.4079399125775,1.741483950299509e-14
66,C4,S3,1,2,Abd,1-10-9-8-7-6-5-4-3-2-1,0.7232322682937238,130.43320000000003,C4_S3,100.0,25,male,4.0,3.0,4.0,4.0,489.6036157312779,0.0
67,C4,S3,2,2,Abd,1-2-3-4-5-6-7-8-9-10-1,0.0,115.6852,C4_S3,100.0,25,male,4.0,3.0,4.0,4.0,489.6036157312779,0.0
68,C4,S3,3,2,Abd,1-10-9-8-7-6-5-4-3-2-1,0.5307274309504261,92.33810000000004,C4_S3,100.0,25,male,4.0,3.0,4.0,4.0,489.6036157312779,0.0
69,C4,S3,4,2,Abd,1-10-9-7-8-6-5-4-3-2-1,5.358758640467548,96.30630000000008,C4_S3,80.0,25,male,4.0,3.0,4.0,4.0,509.9410079226358,4.153848447581765
70,C4,S3,5,2,Abd,1-10-9-8-7-6-5-4-3-2-1,0.2022083667085263,86.70759999999996,C4_S3,100.0,25,male,4.0,3.0,4.0,4.0,489.6036157312779,0.0
71,C4,S3,6,2,Abd,1-10-9-7-8-6-5-4-3-2-1,4.248930345552774,85.27240000000006,C4_S3,80.0,25,male,4.0,3.0,4.0,4.0,509.9410079226358,4.153848447581765
72,demo,session,1,0,Abd,1-2-3-4-5-6-1,2.6708068669412164,34.37892,demo_session,66.66666666666667,25,male,4.0,3.0,4.0,4.0,151.94837931338816,0.0
73,demo,session,2,0,Abd,1-2-3-4-5-6-1,2.333448888445254,35.14547,demo_session,66.66666666666667,25,male,4.0,3.0,4.0,4.0,151.94837931338816,0.0
74,demo,session,3,0,Abd,1-2-3-4-5-6-1,0.0,27.863109999999992,demo_session,66.66666666666667,25,male,4.0,3.0,4.0,4.0,151.94837931338816,0.0
75,demo,session,4,0,Abd,1-2-3-4-5-6-1,0.7105964936891995,27.74650000000001,demo_session,66.66666666666667,25,male,4.0,3.0,4.0,4.0,151.94837931338816,0.0
76,demo,session,5,0,Abd,1-2-3-4-6-5-1,60.29852336753674,52.17660000000001,demo_session,100.0,25,male,4.0,3.0,4.0,4.0,176.64704071150692,16.254639575443345
77,demo,session,6,0,Abd,1-2-3-4-5-6-1,0.4075003810620852,33.47900000000001,demo_session,66.66666666666667,25,male,4.0,3.0,4.0,4.0,151.94837931338816,0.0
78,C1,S1,1,10,Amro,1-2-3-4-5-6-7-8-9-10-1,1.3288822422232205,27.78800000000001,C1_S1,100.0,20,male,4.0,3.0,4.0,4.0,172.8367286977851,1.6444253281431282e-14
79,C1,S1,2,10,Amro,1-10-9-8-7-6-5-4-3-2-1,3.353058493973237,27.953999999999724,C1_S1,100.0,20,male,4.0,3.0,4.0,4.0,172.83672869778508,0.0
80,C1,S1,3,10,Amro,1-2-3-4-5-6-7-8-9-10-1,1.4833853913662092,26.804000000000087,C1_S1,100.0,20,male,4.0,3.0,4.0,4.0,172.8367286977851,1.6444253281431282e-14
81,C1,S1,4,10,Amro,1-10-9-8-7-6-5-4-3-2-1,5.221836445078878,28.170000000000076,C1_S1,100.0,20,male,4.0,3.0,4.0,4.0,172.83672869778508,0.0
82,C1,S1,5,10,Amro,1-2-3-4-5-6-7-8-9-10-1,0.0,27.003999999999905,C1_S1,100.0,20,male,4.0,3.0,4.0,4.0,172.8367286977851,1.6444253281431282e-14
83,C1,S1,6,10,Amro,1-2-3-4-5-6-7-8-9-10-1,3.1062353866517323,26.98700000000008,C1_S1,100.0,20,male,4.0,3.0,4.0,4.0,172.8367286977851,1.6444253281431282e-14
84,C1,S2,1,8,Amro,1-2-3-4-5-6-7-8-9-10-1,0.6082217575537566,59.55499999999984,C1_S2,100.0,20,male,4.0,3.0,4.0,4.0,345.6734573955702,1.6444253281431282e-14
85,C1,S2,2,8,Amro,1-10-9-8-7-6-5-4-3-2-1,1.2306884712569366,57.27299999999991,C1_S2,100.0,20,male,4.0,3.0,4.0,4.0,345.67345739557015,0.0
86,C1,S2,3,8,Amro,1-2-3-4-5-6-7-8-9-10-1,0.0,101.46900000000004,C1_S2,100.0,20,male,4.0,3.0,4.0,4.0,345.6734573955702,1.6444253281431282e-14
87,C1,S2,4,8,Amro,1-2-3-4-5-6-7-8-9-10-1,0.9415362529764392,59.38799999999992,C1_S2,100.0,20,male,4.0,3.0,4.0,4.0,345.6734573955702,1.6444253281431282e-14
88,C1,S2,5,8,Amro,1-10-9-8-7-6-5-4-3-2-1,1.013897134520745,54.35799999999995,C1_S2,100.0,20,male,4.0,3.0,4.0,4.0,345.67345739557015,0.0
89,C1,S2,6,8,Amro,1-2-3-4-5-6-7-8-9-10-1,0.0992194696215371,52.67600000000016,C1_S2,100.0,20,male,4.0,3.0,4.0,4.0,345.6734573955702,1.6444253281431282e-14
90,C1,S3,1,9,Amro,1-10-9-8-7-6-5-4-3-2-1,0.772783435572816,81.41100000000006,C1_S3,100.0,20,male,4.0,3.0,4.0,4.0,518.5101860933553,0.0
91,C1,S3,2,9,Amro,1-2-3-4-5-6-7-8-9-10-1,0.0,77.98000000000002,C1_S3,100.0,20,male,4.0,3.0,4.0,4.0,518.5101860933553,0.0
92,C1,S3,3,9,Amro,1-2-3-4-5-6-7-8-9-10-1,0.1653923344113349,80.19599999999991,C1_S3,100.0,20,male,4.0,3.0,4.0,4.0,518.5101860933553,0.0
93,C1,S3,4,9,Amro,1-2-3-4-5-6-7-8-9-10-1,0.3517989040716725,79.69599999999991,C1_S3,100.0,20,male,4.0,3.0,4.0,4.0,518.5101860933553,0.0
94,C1,S3,5,9,Amro,1-10-9-8-7-6-5-4-3-2-1,1.4664281554205831,77.94599999999991,C1_S3,100.0,20,male,4.0,3.0,4.0,4.0,518.5101860933553,0.0
95,C1,S3,6,9,Amro,1-2-3-4-5-6-7-8-9-10-1,0.7734443828424317,78.71399999999994,C1_S3,100.0,20,male,4.0,3.0,4.0,4.0,518.5101860933553,0.0
96,C2,S1,1,6,Amro,1-10-9-8-7-6-3-5-4-2-1,1.0720750488449584,62.287499999999966,C2_S1,70.0,20,male,4.0,3.0,4.0,4.0,174.0811416276921,0.11840635783027323
97,C2,S1,2,6,Amro,1-2-5-4-3-6-7-8-9-10-1,1.378613090449374,37.63229999999999,C2_S1,80.0,20,male,4.0,3.0,4.0,4.0,173.87526226247925,0.0
98,C2,S1,3,6,Amro,1-2-5-4-3-6-7-8-9-10-1,2.419501589855573,31.36860000000001,C2_S1,80.0,20,male,4.0,3.0,4.0,4.0,173.87526226247925,0.0
99,C2,S1,4,6,Amro,1-2-5-4-3-6-7-8-9-10-1,3.393108550741291,28.28679999999997,C2_S1,80.0,20,male,4.0,3.0,4.0,4.0,173.87526226247925,0.0
100,C2,S1,5,6,Amro,1-2-5-4-3-6-7-8-9-10-1,0.0,38.782100000000014,C2_S1,80.0,20,male,4.0,3.0,4.0,4.0,173.87526226247925,0.0
101,C2,S1,6,6,Amro,1-2-5-4-3-6-7-8-9-10-1,8.118619028464153,30.56899999999996,C2_S1,80.0,20,male,4.0,3.0,4.0,4.0,173.87526226247925,0.0
102,C2,S2,1,5,Amro,1-2-4-5-3-6-7-8-9-10-1,0.8304481104890716,85.09336,C2_S2,70.0,20,male,4.0,3.0,4.0,4.0,348.1677821550608,0.11978461760902258
103,C2,S2,2,5,Amro,1-10-9-8-7-6-5-4-3-2-1,0.498373916126461,80.67889,C2_S2,100.0,20,male,4.0,3.0,4.0,4.0,348.980394967228,0.35346109171613277
104,C2,S2,3,5,Amro,1-2-5-4-3-6-7-8-9-10-1,0.0,91.1072,C2_S2,80.0,20,male,4.0,3.0,4.0,4.0,347.75122967436465,0.0
105,C2,S2,4,5,Amro,1-10-9-8-7-6-3-4-5-2-1,0.4689016018640498,64.33639999999997,C2_S2,80.0,20,male,4.0,3.0,4.0,4.0,347.7512296743647,1.6346000821919843e-14
106,C2,S2,5,5,Amro,1-2-4-5-3-6-7-8-9-10-1,0.781891743229033,63.92010000000005,C2_S2,70.0,20,male,4.0,3.0,4.0,4.0,348.1677821550608,0.11978461760903894
107,C2,S2,6,5,Amro,1-2-4-5-3-6-7-8-9-10-1,1.262669812325547,56.87329999999997,C2_S2,70.0,20,male,4.0,3.0,4.0,4.0,348.1677821550608,0.11978461760903894
108,C2,S3,1,7,Amro,1-2-5-4-3-6-7-8-9-10-1,0.0049381520474364,108.98220000000003,C2_S3,80.0,20,male,4.0,3.0,4.0,4.0,521.64189924275,0.0
109,C2,S3,2,7,Amro,1-10-9-8-7-6-3-5-4-2-1,0.2756334284840432,80.47899999999993,C2_S3,70.0,20,male,4.0,3.0,4.0,4.0,522.2552452432394,0.11757989559116594
110,C2,S3,3,7,Amro,1-2-4-5-3-6-7-8-9-10-1,1.7432829603395403,80.16249999999991,C2_S3,70.0,20,male,4.0,3.0,4.0,4.0,522.2552452432394,0.11757989559116594
111,C2,S3,4,7,Amro,1-2-4-5-6-3-7-8-9-10-1,3.0542950778345057,79.77969999999993,C2_S3,70.0,20,male,4.0,3.0,4.0,4.0,531.4478288747725,1.879820169019679
112,C2,S3,5,7,Amro,1-10-9-8-7-6-5-4-3-2-1,1.3051132354772348,81.66200000000003,C2_S3,100.0,20,male,4.0,3.0,4.0,4.0,523.4700442506888,0.3504597714625055
113,C2,S3,6,7,Amro,1-2-3-4-5-6-7-8-9-10-1,0.0,87.42599999999993,C2_S3,100.0,20,male,4.0,3.0,4.0,4.0,523.4700442506889,0.3504597714625273
114,C3,S1,1,11,Amro,1-10-9-8-6-7-5-4-3-2-1,3.3689893985741906,38.01600000000008,C3_S1,80.0,20,male,4.0,3.0,4.0,4.0,168.48027569921615,3.81222411591463
115,C3,S1,2,11,Amro,1-2-3-4-5-6-7-8-9-10-1,0.0,24.27199999999993,C3_S1,100.0,20,male,4.0,3.0,4.0,4.0,162.29329169471842,0.0
116,C3,S1,3,11,Amro,1-10-9-8-6-7-5-4-3-2-1,5.0497001456344695,30.23599999999988,C3_S1,80.0,20,male,4.0,3.0,4.0,4.0,168.48027569921615,3.81222411591463
117,C3,S1,4,11,Amro,1-2-3-4-5-6-8-7-9-10-1,12.27285157367896,28.787000000000265,C3_S1,80.0,20,male,4.0,3.0,4.0,4.0,176.6280592514989,8.832630977591412
118,C3,S1,5,11,Amro,1-10-9-8-6-5-4-3-2-7-1,30.77078152922548,29.61999999999989,C3_S1,70.0,20,male,4.0,3.0,4.0,4.0,199.0146986183123,22.626571030840044
119,C3,S1,6,11,Amro,1-2-3-4-5-6-7-8-9-10-1,1.9349033025317617,24.570999999999916,C3_S1,100.0,20,male,4.0,3.0,4.0,4.0,162.29329169471842,0.0
120,C3,S2,1,13,Amro,1-10-9-8-7-6-5-4-3-2-1,0.0,56.1239999999998,C3_S2,100.0,20,male,4.0,3.0,4.0,4.0,324.696321257674,0.0
121,C3,S2,2,13,Amro,1-10-9-8-7-6-5-4-2-3-1,9.19621890103131,56.70699999999988,C3_S2,80.0,20,male,4.0,3.0,4.0,4.0,345.49770155373807,6.406410831971329
122,C3,S2,3,13,Amro,1-2-3-4-5-6-7-8-9-10-1,7.040926775923764,52.39200000000028,C3_S2,100.0,20,male,4.0,3.0,4.0,4.0,324.69632125767396,0.0
123,C3,S2,4,13,Amro,1-2-3-4-5-6-7-8-9-10-1,2.4098988516350115,48.24400000000014,C3_S2,100.0,20,male,4.0,3.0,4.0,4.0,324.69632125767396,0.0
124,C3,S2,5,13,Amro,1-2-3-4-5-6-7-8-9-10-1,6.870383044568262,53.07499999999982,C3_S2,100.0,20,male,4.0,3.0,4.0,4.0,324.69632125767396,0.0
125,C3,S2,6,13,Amro,1-2-3-4-5-6-7-8-9-10-1,0.1060396410336398,51.29300000000012,C3_S2,100.0,20,male,4.0,3.0,4.0,4.0,324.69632125767396,0.0
126,C3,S3,1,12,Amro,1-10-9-8-6-7-5-4-3-2-1,4.978204141718347,89.10800000000017,C3_S3,80.0,20,male,4.0,3.0,4.0,4.0,505.62927303692754,3.8152282875650148
127,C3,S3,2,12,Amro,1-10-9-8-7-6-5-4-3-2-1,0.0,73.0,C3_S3,100.0,20,male,4.0,3.0,4.0,4.0,487.04730642825336,0.0
128,C3,S3,3,12,Amro,1-2-3-4-5-6-7-8-9-10-1,1.1401243633293376,70.98299999999972,C3_S3,100.0,20,male,4.0,3.0,4.0,4.0,487.04730642825325,0.0
129,C3,S3,4,12,Amro,1-10-9-8-7-6-5-4-3-2-1,1.1615520936171166,71.75,C3_S3,100.0,20,male,4.0,3.0,4.0,4.0,487.04730642825336,2.3342052449757914e-14
130,C3,S3,5,12,Amro,1-2-3-4-5-6-8-7-9-10-1,10.845525038168796,82.29500000000007,C3_S3,80.0,20,male,4.0,3.0,4.0,4.0,530.0580197148323,8.830910820962512
131,C3,S3,6,12,Amro,1-2-3-4-5-6-7-8-9-10-1,0.6695392336792003,73.2829999999999,C3_S3,100.0,20,male,4.0,3.0,4.0,4.0,487.04730642825325,0.0
132,C4,S1,1,2,Amro,1-2-3-4-5-6-7-8-9-10-1,2.9813148016716813,134.98669999999998,C4_S1,100.0,20,male,4.0,3.0,4.0,4.0,163.18914552003673,0.0
133,C4,S1,2,2,Amro,1-10-9-8-7-6-5-4-3-2-1,1.801698937482885,96.58800000000002,C4_S1,100.0,20,male,4.0,3.0,4.0,4.0,163.18914552003673,0.0
134,C4,S1,3,2,Amro,1-2-3-4-5-6-7-8-9-10-1,2.225849436304105,90.29089999999997,C4_S1,100.0,20,male,4.0,3.0,4.0,4.0,163.18914552003673,0.0
135,C4,S1,4,2,Amro,1-10-9-8-7-6-5-4-3-2-1,0.3573296034731172,91.19049999999991,C4_S1,100.0,20,male,4.0,3.0,4.0,4.0,163.18914552003673,0.0
136,C4,S1,5,2,Amro,1-2-3-4-5-6-7-8-9-10-1,0.0,96.13830000000009,C4_S1,100.0,20,male,4.0,3.0,4.0,4.0,163.18914552003673,0.0
137,C4,S1,6,2,Amro,1-10-9-8-7-6-5-4-3-2-1,0.4281078528175668,95.38850000000002,C4_S1,100.0,20,male,4.0,3.0,4.0,4.0,163.18914552003673,0.0
138,C4,S2,1,4,Amro,1-2-3-4-5-6-7-8-9-10-1,0.0,135.087,C4_S2,100.0,20,male,4.0,3.0,4.0,4.0,326.40793991257743,0.0
139,C4,S2,2,4,Amro,1-10-9-8-7-6-5-4-3-2-1,1.235328631140282,91.05799999999977,C4_S2,100.0,20,male,4.0,3.0,4.0,4.0,326.4079399125775,1.741483950299509e-14
140,C4,S2,3,4,Amro,1-2-3-4-5-6-7-8-9-10-1,0.1435481080484634,115.6289999999999,C4_S2,100.0,20,male,4.0,3.0,4.0,4.0,326.40793991257743,0.0
141,C4,S2,4,4,Amro,1-2-3-4-5-6-7-8-9-10-1,0.0342258807836056,119.17799999999988,C4_S2,100.0,20,male,4.0,3.0,4.0,4.0,326.40793991257743,0.0
142,C4,S2,5,4,Amro,1-2-3-4-5-6-7-8-9-10-1,40.954494622901,77.11400000000003,C4_S2,100.0,20,male,4.0,3.0,4.0,4.0,326.40793991257743,0.0
143,C4,S2,6,4,Amro,1-2-3-4-5-6-7-8-9-10-1,0.3296905127864346,115.4960000000001,C4_S2,100.0,20,male,4.0,3.0,4.0,4.0,326.40793991257743,0.0
144,C4,S3,1,3,Amro,1-2-3-4-5-6-7-8-9-10-1,1.133529379843763,178.0666,C4_S3,100.0,20,male,4.0,3.0,4.0,4.0,489.6036157312779,0.0
145,C4,S3,2,3,Amro,1-10-9-8-6-7-5-4-3-2-1,11.294076807758568,131.6210000000001,C4_S3,80.0,20,male,4.0,3.0,4.0,4.0,531.5224505018431,8.561790277621768
146,C4,S3,3,3,Amro,1-10-9-7-8-5-4-3-2-6-1,67.27267379796548,188.4789999999998,C4_S3,60.0,20,male,4.0,3.0,4.0,4.0,698.3543094996816,42.63667323138762
147,C4,S3,4,3,Amro,1-2-3-4-5-8-6-7-9-10-1,6.859832820571878,146.53099999999995,C4_S3,70.0,20,male,4.0,3.0,4.0,4.0,521.0903951594726,6.431075755264926
148,C4,S3,5,3,Amro,1-2-3-4-5-6-7-8-9-10-1,0.0,166.67200000000005,C4_S3,100.0,20,male,4.0,3.0,4.0,4.0,489.6036157312779,0.0
149,C4,S3,6,3,Amro,1-10-9-8-6-7-5-4-3-2-1,16.21913437691715,142.61699999999996,C4_S3,80.0,20,male,4.0,3.0,4.0,4.0,531.5224505018431,8.561790277621768
150,demo,session,1,0,Amro,1-2-3-4-5-6-1,2.4615690903144114,64.98621,demo_session,66.66666666666667,20,male,4.0,3.0,4.0,4.0,151.94837931338816,0.0
151,demo,session,2,0,Amro,1-2-3-4-5-6-1,2.467866741696743,64.23649999999999,demo_session,66.66666666666667,20,male,4.0,3.0,4.0,4.0,151.94837931338816,0.0
152,demo,session,3,0,Amro,1-6-5-4-3-2-1,0.5736280092446701,39.56490000000002,demo_session,66.66666666666667,20,male,4.0,3.0,4.0,4.0,151.94837931338816,0.0
153,demo,session,4,0,Amro,1-6-5-4-3-2-1,1.35372418047579,48.4273,demo_session,66.66666666666667,20,male,4.0,3.0,4.0,4.0,151.94837931338816,0.0
154,demo,session,5,0,Amro,1-6-5-4-3-2-1,0.0,44.01280000000003,demo_session,66.66666666666667,20,male,4.0,3.0,4.0,4.0,151.94837931338816,0.0
155,demo,session,6,0,Amro,1-6-5-4-3-2-1,0.850250653296676,42.09699999999998,demo_session,66.66666666666667,20,male,4.0,3.0,4.0,4.0,151.94837931338816,0.0
156,C1,S1,1,2,Annelina,1-3-4-5-6-7-8-9-10-2-1,29.325008465563023,32.8022,C1_S1,80.0,36,female,2.0,2.0,1.0,4.0,206.59200115426356,19.530150050167585
157,C1,S1,2,2,Annelina,1-2-3-4-5-6-7-8-9-10-1,3.743746214343281,30.887400000000014,C1_S1,100.0,36,female,2.0,2.0,1.0,4.0,172.8367286977851,1.6444253281431282e-14
158,C1,S1,3,2,Annelina,1-10-9-8-7-6-5-4-3-2-1,5.972097027275796,45.69010000000003,C1_S1,100.0,36,female,2.0,2.0,1.0,4.0,172.83672869778508,0.0
159,C1,S1,4,2,Annelina,1-2-3-4-5-6-7-8-9-10-1,0.0,45.59030000000001,C1_S1,100.0,36,female,2.0,2.0,1.0,4.0,172.8367286977851,1.6444253281431282e-14
160,C1,S1,5,2,Annelina,1-2-3-4-5-6-7-8-9-10-1,1.177607512650637,38.4803,C1_S1,100.0,36,female,2.0,2.0,1.0,4.0,172.8367286977851,1.6444253281431282e-14
161,C1,S1,6,2,Annelina,1-2-3-5-4-6-7-8-9-10-1,27.28111154035092,51.01830000000001,C1_S1,80.0,36,female,2.0,2.0,1.0,4.0,200.7606719170507,16.156255345524524
162,C1,S2,1,3,Annelina,1-2-3-4-5-6-7-8-9-10-1,2.025294570175374,74.01320000000004,C1_S2,100.0,36,female,2.0,2.0,1.0,4.0,345.6734573955702,1.6444253281431282e-14
163,C1,S2,2,3,Annelina,1-2-3-4-5-6-7-8-9-10-1,0.0825474684327182,78.72569999999996,C1_S2,100.0,36,female,2.0,2.0,1.0,4.0,345.6734573955702,1.6444253281431282e-14
164,C1,S2,3,3,Annelina,1-2-3-4-5-6-7-8-9-10-1,0.0,69.23469999999998,C1_S2,100.0,36,female,2.0,2.0,1.0,4.0,345.6734573955702,1.6444253281431282e-14
165,C1,S2,4,3,Annelina,1-2-3-4-5-6-7-8-9-10-1,0.2904588108216234,66.77030000000002,C1_S2,100.0,36,female,2.0,2.0,1.0,4.0,345.6734573955702,1.6444253281431282e-14
166,C1,S2,5,3,Annelina,1-2-3-4-5-6-7-8-9-10-1,2.753784711195917,84.10379999999998,C1_S2,100.0,36,female,2.0,2.0,1.0,4.0,345.6734573955702,1.6444253281431282e-14
167,C1,S2,6,3,Annelina,1-10-9-8-7-6-5-4-3-2-1,3.209280244871403,53.71590000000003,C1_S2,100.0,36,female,2.0,2.0,1.0,4.0,345.67345739557015,0.0
168,C1,S3,1,4,Annelina,1-2-3-4-5-6-7-8-9-10-1,1.872192572137927,95.57619999999996,C1_S3,100.0,36,female,2.0,2.0,1.0,4.0,518.5101860933553,0.0
169,C1,S3,2,4,Annelina,1-2-3-4-5-6-7-8-9-10-1,1.6306492955697245,89.19900000000007,C1_S3,100.0,36,female,2.0,2.0,1.0,4.0,518.5101860933553,0.0
170,C1,S3,3,4,Annelina,1-2-3-4-5-6-7-8-9-10-1,0.6928406913353854,89.01599999999985,C1_S3,100.0,36,female,2.0,2.0,1.0,4.0,518.5101860933553,0.0
171,C1,S3,4,4,Annelina,1-2-3-4-5-6-7-8-9-10-1,0.813651026075213,89.29899999999998,C1_S3,100.0,36,female,2.0,2.0,1.0,4.0,518.5101860933553,0.0
172,C1,S3,5,4,Annelina,1-2-3-4-5-6-7-8-9-10-1,1.1951400347339427,87.54999999999995,C1_S3,100.0,36,female,2.0,2.0,1.0,4.0,518.5101860933553,0.0
173,C1,S3,6,4,Annelina,1-2-3-4-5-6-7-8-9-10-1,0.0,98.10699999999996,C1_S3,100.0,36,female,2.0,2.0,1.0,4.0,518.5101860933553,0.0
174,C2,S1,1,7,Annelina,1-2-5-4-3-6-7-8-9-10-1,0.0,69.86700000000019,C2_S1,80.0,36,female,2.0,2.0,1.0,4.0,173.87526226247925,0.0
175,C2,S1,2,7,Annelina,1-3-5-2-4-6-7-8-9-10-1,8.294248885064688,41.27800000000025,C2_S1,50.0,36,female,2.0,2.0,1.0,4.0,187.4967450209695,7.834054471720934
176,C2,S1,3,7,Annelina,1-3-2-4-5-6-7-8-9-10-1,2.3464774626728846,33.63499999999976,C2_S1,80.0,36,female,2.0,2.0,1.0,4.0,180.18311123769465,3.6278012715191004
177,C2,S1,4,7,Annelina,1-4-5-2-3-6-7-8-9-10-1,7.543357289455324,37.332000000000335,C2_S1,70.0,36,female,2.0,2.0,1.0,4.0,185.29744319442386,6.569181137856098
178,C2,S1,5,7,Annelina,1-6-5-2-4-3-7-8-9-10-1,10.476806759434934,40.76199999999972,C2_S1,60.0,36,female,2.0,2.0,1.0,4.0,193.6092140468798,11.349487861367246
179,C2,S1,6,7,Annelina,1-2-5-4-3-6-7-8-9-10-1,0.0514856792230652,45.4399999999996,C2_S1,80.0,36,female,2.0,2.0,1.0,4.0,173.87526226247925,0.0
180,C2,S2,1,5,Annelina,1-2-3-4-5-6-7-8-9-10-1,2.0859306772011483,88.44899999999984,C2_S2,100.0,36,female,2.0,2.0,1.0,4.0,348.98039496722794,0.35346109171613277
181,C2,S2,2,5,Annelina,1-2-3-4-5-6-7-8-9-10-1,0.4905762766281307,145.54600000000005,C2_S2,100.0,36,female,2.0,2.0,1.0,4.0,348.98039496722794,0.35346109171613277
182,C2,S2,3,5,Annelina,1-2-5-4-3-6-7-8-9-10-1,0.9231639886942632,71.28300000000013,C2_S2,80.0,36,female,2.0,2.0,1.0,4.0,347.75122967436465,0.0
183,C2,S2,4,5,Annelina,1-3-2-4-5-6-7-8-9-10-1,3.843443671554394,74.07999999999993,C2_S2,80.0,36,female,2.0,2.0,1.0,4.0,360.3786826993764,3.631174226712618
184,C2,S2,5,5,Annelina,1-2-3-4-5-6-7-8-9-10-1,0.0,108.7299999999998,C2_S2,100.0,36,female,2.0,2.0,1.0,4.0,348.98039496722794,0.35346109171613277
185,C2,S2,6,5,Annelina,1-2-3-4-5-6-7-8-9-10-1,0.475686534874999,90.09799999999971,C2_S2,100.0,36,female,2.0,2.0,1.0,4.0,348.98039496722794,0.35346109171613277
186,C2,S3,1,6,Annelina,1-2-5-4-3-6-7-8-9-10-1,1.3711917761244186,126.43100000000004,C2_S3,80.0,36,female,2.0,2.0,1.0,4.0,521.64189924275,0.0
187,C2,S3,2,6,Annelina,1-2-3-4-5-6-7-8-9-10-1,0.3518766110419729,121.38499999999976,C2_S3,100.0,36,female,2.0,2.0,1.0,4.0,523.4700442506889,0.3504597714625273
188,C2,S3,3,6,Annelina,1-2-5-4-3-6-7-8-9-10-1,0.0,110.596,C2_S3,80.0,36,female,2.0,2.0,1.0,4.0,521.64189924275,0.0
189,C2,S3,4,6,Annelina,1-2-5-4-3-6-7-8-9-10-1,0.3581377607046466,113.29300000000012,C2_S3,80.0,36,female,2.0,2.0,1.0,4.0,521.64189924275,0.0
190,C2,S3,5,6,Annelina,1-2-5-4-3-6-7-8-9-10-1,0.1679914617183814,93.62800000000016,C2_S3,80.0,36,female,2.0,2.0,1.0,4.0,521.64189924275,0.0
191,C2,S3,6,6,Annelina,1-2-3-4-5-6-7-8-9-10-1,2.487256152301988,109.11300000000028,C2_S3,100.0,36,female,2.0,2.0,1.0,4.0,523.4700442506889,0.3504597714625273
192,C3,S1,1,8,Annelina,1-10-9-8-6-7-5-4-3-2-1,5.7224267945896,80.27399999999989,C3_S1,80.0,36,female,2.0,2.0,1.0,4.0,168.48027569921615,3.81222411591463
193,C3,S1,2,8,Annelina,1-10-9-8-6-7-5-4-3-2-1,6.003546769442789,38.86299999999983,C3_S1,80.0,36,female,2.0,2.0,1.0,4.0,168.48027569921615,3.81222411591463
194,C3,S1,3,8,Annelina,1-2-3-4-5-6-7-8-9-10-1,0.0,59.22699999999986,C3_S1,100.0,36,female,2.0,2.0,1.0,4.0,162.29329169471842,0.0
195,C3,S1,4,8,Annelina,1-2-3-4-5-6-7-8-9-10-1,1.5289796006670957,34.05099999999993,C3_S1,100.0,36,female,2.0,2.0,1.0,4.0,162.29329169471842,0.0
196,C3,S1,5,8,Annelina,1-10-9-8-7-6-5-4-3-2-1,3.058150093123369,44.84099999999989,C3_S1,100.0,36,female,2.0,2.0,1.0,4.0,162.29329169471842,0.0
197,C3,S1,6,8,Annelina,1-2-3-4-5-6-7-8-9-10-1,0.0574584285406035,35.98299999999972,C3_S1,100.0,36,female,2.0,2.0,1.0,4.0,162.29329169471842,0.0
198,C3,S2,1,9,Annelina,1-10-9-8-6-7-5-4-3-2-1,5.2482374000357455,96.759,C3_S2,80.0,36,female,2.0,2.0,1.0,4.0,337.08522054641577,3.8155342323420327
199,C3,S2,2,9,Annelina,1-2-3-4-5-6-7-8-9-10-1,1.3286038076548192,88.05000000000018,C3_S2,100.0,36,female,2.0,2.0,1.0,4.0,324.69632125767396,0.0
200,C3,S2,3,9,Annelina,1-2-3-4-5-6-7-8-9-10-1,0.0,54.43200000000024,C3_S2,100.0,36,female,2.0,2.0,1.0,4.0,324.69632125767396,0.0
201,C3,S2,4,9,Annelina,1-10-9-8-6-7-5-4-3-2-1,4.657276583205064,64.10600000000022,C3_S2,80.0,36,female,2.0,2.0,1.0,4.0,337.08522054641577,3.8155342323420327
202,C3,S2,5,9,Annelina,1-10-9-8-7-6-5-4-3-2-1,1.6407148835853271,62.72400000000016,C3_S2,100.0,36,female,2.0,2.0,1.0,4.0,324.696321257674,1.750664086387907e-14
203,C3,S2,6,9,Annelina,1-2-3-4-5-6-7-8-9-10-1,1.5670759806764551,73.56399999999985,C3_S2,100.0,36,female,2.0,2.0,1.0,4.0,324.69632125767396,0.0
204,C3,S3,1,10,Annelina,1-10-9-8-6-7-5-4-3-2-1,5.267145207546513,131.5250000000001,C3_S3,80.0,36,female,2.0,2.0,1.0,4.0,505.62927303692754,3.8152282875650387
205,C3,S3,2,10,Annelina,1-2-3-4-5-6-7-8-9-10-1,0.1860047024080446,83.60500000000002,C3_S3,100.0,36,female,2.0,2.0,1.0,4.0,487.04730642825325,0.0
206,C3,S3,3,10,Annelina,1-2-3-4-5-6-7-8-9-10-1,0.7274601580791014,85.06999999999971,C3_S3,100.0,36,female,2.0,2.0,1.0,4.0,487.04730642825325,0.0
207,C3,S3,4,10,Annelina,1-2-3-4-5-6-7-8-9-10-1,0.3433118921621016,83.7539999999999,C3_S3,100.0,36,female,2.0,2.0,1.0,4.0,487.04730642825325,0.0
208,C3,S3,5,10,Annelina,1-2-3-4-5-6-7-8-9-10-1,0.0,86.05199999999968,C3_S3,100.0,36,female,2.0,2.0,1.0,4.0,487.04730642825325,0.0
209,C3,S3,6,10,Annelina,1-10-9-8-7-6-5-4-3-2-1,0.7139517844437056,79.50800000000072,C3_S3,100.0,36,female,2.0,2.0,1.0,4.0,487.04730642825336,2.3342052449757914e-14
210,C4,S1,1,13,Annelina,1-2-3-4-5-6-7-8-9-10-1,2.572509409883715,32.78600000000006,C4_S1,100.0,36,female,2.0,2.0,1.0,4.0,163.18914552003673,0.0
211,C4,S1,2,13,Annelina,1-2-3-4-5-6-7-8-9-10-1,0.0,35.08399999999983,C4_S1,100.0,36,female,2.0,2.0,1.0,4.0,163.18914552003673,0.0
212,C4,S1,3,13,Annelina,1-2-3-4-5-8-6-7-9-10-1,12.084701291158156,28.22299999999996,C4_S1,70.0,36,female,2.0,2.0,1.0,4.0,173.66749328546774,6.420983290303739
213,C4,S1,4,13,Annelina,1-2-3-4-5-6-7-8-9-10-1,2.645396860145316,30.953999999999724,C4_S1,100.0,36,female,2.0,2.0,1.0,4.0,163.18914552003673,0.0
214,C4,S1,5,13,Annelina,1-2-3-4-5-6-7-8-9-10-1,1.3574654907660069,32.185999999999694,C4_S1,100.0,36,female,2.0,2.0,1.0,4.0,163.18914552003673,0.0
215,C4,S1,6,13,Annelina,1-2-3-4-5-6-7-8-9-10-1,0.6366895937347228,25.29300000000057,C4_S1,100.0,36,female,2.0,2.0,1.0,4.0,163.18914552003673,0.0
216,C4,S2,1,11,Annelina,1-2-3-4-5-6-7-9-10-8-1,41.7787320006868,92.21299999999974,C4_S2,70.0,36,female,2.0,2.0,1.0,4.0,411.11382550348657,25.95092681066401
217,C4,S2,2,11,Annelina,1-10-9-8-7-6-5-4-3-2-1,1.0302513755195566,77.39300000000003,C4_S2,100.0,36,female,2.0,2.0,1.0,4.0,326.4079399125775,1.741483950299509e-14
218,C4,S2,3,11,Annelina,1-2-3-4-5-6-8-7-9-10-1,7.3343923970158595,72.16600000000017,C4_S2,80.0,36,female,2.0,2.0,1.0,4.0,339.9584871743721,4.15141471908556
219,C4,S2,4,11,Annelina,1-10-9-8-7-6-5-4-3-2-1,5.390489773126291,56.11399999999958,C4_S2,100.0,36,female,2.0,2.0,1.0,4.0,326.4079399125775,1.741483950299509e-14
220,C4,S2,5,11,Annelina,1-10-9-7-8-6-5-4-3-2-1,6.6679866291921215,55.26400000000013,C4_S2,80.0,36,female,2.0,2.0,1.0,4.0,339.9584871743721,4.15141471908556
221,C4,S2,6,11,Annelina,1-10-9-8-7-6-5-4-3-2-1,0.0,57.21200000000045,C4_S2,100.0,36,female,2.0,2.0,1.0,4.0,326.4079399125775,1.741483950299509e-14
222,C4,S3,1,12,Annelina,1-10-9-8-7-6-5-4-3-2-1,2.830822912874809,88.08299999999963,C4_S3,100.0,36,female,2.0,2.0,1.0,4.0,489.6036157312779,0.0
223,C4,S3,2,12,Annelina,1-10-9-7-8-6-5-4-3-2-1,5.514992834397528,99.08899999999994,C4_S3,80.0,36,female,2.0,2.0,1.0,4.0,509.9410079226358,4.153848447581765
224,C4,S3,3,12,Annelina,1-10-9-8-7-6-5-4-3-2-1,3.4726731468636967,89.08300000000054,C4_S3,100.0,36,female,2.0,2.0,1.0,4.0,489.6036157312779,0.0
225,C4,S3,4,12,Annelina,1-2-3-4-5-6-8-7-9-10-1,8.856549393465377,100.17199999999956,C4_S3,80.0,36,female,2.0,2.0,1.0,4.0,509.9410079226358,4.153848447581765
226,C4,S3,5,12,Annelina,1-2-3-4-5-6-7-8-9-10-1,0.4326621934942263,82.27300000000014,C4_S3,100.0,36,female,2.0,2.0,1.0,4.0,489.6036157312779,0.0
227,C4,S3,6,12,Annelina,1-2-3-4-5-6-7-8-9-10-1,0.0,76.42799999999988,C4_S3,100.0,36,female,2.0,2.0,1.0,4.0,489.6036157312779,0.0
228,demo,session,1,0,Annelina,1-2-3-4-5-6-1,10.007080705309145,37.49785,demo_session,66.66666666666667,36,female,2.0,2.0,1.0,4.0,151.94837931338816,0.0
229,demo,session,2,0,Annelina,1-6-5-4-3-2-1,6.613143024250158,27.49068,demo_session,66.66666666666667,36,female,2.0,2.0,1.0,4.0,151.94837931338816,0.0
230,demo,session,3,0,Annelina,1-2-3-4-5-6-1,10.976324690753884,45.30712000000001,demo_session,66.66666666666667,36,female,2.0,2.0,1.0,4.0,151.94837931338816,0.0
231,demo,session,4,0,Annelina,1-2-3-4-5-6-1,4.407862199796308,52.633600000000015,demo_session,66.66666666666667,36,female,2.0,2.0,1.0,4.0,151.94837931338816,0.0
232,demo,session,5,0,Annelina,1-2-3-4-5-6-1,5.029477010722887,24.56010000000001,demo_session,66.66666666666667,36,female,2.0,2.0,1.0,4.0,151.94837931338816,0.0
233,demo,session,6,0,Annelina,1-2-3-4-5-6-1,2.683244038058945,27.90700000000001,demo_session,66.66666666666667,36,female,2.0,2.0,1.0,4.0,151.94837931338816,0.0
234,C1,S1,1,12,Carla,1-2-3-4-5-6-7-8-9-10-1,0.929171451018308,56.54679999999996,C1_S1,100.0,24,female,,,,,172.8367286977851,1.6444253281431282e-14
235,C1,S1,2,12,Carla,1-2-3-4-5-6-7-8-9-10-1,2.2370822505590064,62.774,C1_S1,100.0,24,female,,,,,172.8367286977851,1.6444253281431282e-14
236,C1,S1,3,12,Carla,1-2-3-4-5-6-7-8-9-10-1,1.7343325074031537,55.69730000000004,C1_S1,100.0,24,female,,,,,172.8367286977851,1.6444253281431282e-14
237,C1,S1,4,12,Carla,1-2-3-4-5-6-7-8-9-10-1,0.8754457001269107,59.3605,C1_S1,100.0,24,female,,,,,172.8367286977851,1.6444253281431282e-14
238,C1,S1,5,12,Carla,1-2-3-4-5-6-7-8-9-10-1,1.8655949718982223,46.07310000000007,C1_S1,100.0,24,female,,,,,172.8367286977851,1.6444253281431282e-14
239,C1,S1,6,12,Carla,1-2-3-4-5-6-7-8-9-10-1,0.0,49.48659999999995,C1_S1,100.0,24,female,,,,,172.8367286977851,1.6444253281431282e-14
240,C1,S2,1,11,Carla,1-2-3-4-5-6-7-8-9-10-1,1.0290250049897012,112.3604,C1_S2,100.0,24,female,,,,,345.6734573955702,1.6444253281431282e-14
241,C1,S2,2,11,Carla,1-2-3-4-5-6-7-8-9-10-1,1.005474827509664,105.9331,C1_S2,100.0,24,female,,,,,345.6734573955702,1.6444253281431282e-14
242,C1,S2,3,11,Carla,1-2-3-4-5-6-7-8-9-10-1,0.0653223047852209,98.90650000000002,C1_S2,100.0,24,female,,,,,345.6734573955702,1.6444253281431282e-14
243,C1,S2,4,11,Carla,1-2-3-4-5-6-7-8-9-10-1,0.0,73.01439999999997,C1_S2,100.0,24,female,,,,,345.6734573955702,1.6444253281431282e-14
244,C1,S2,5,11,Carla,1-2-3-4-5-6-7-8-9-10-1,0.1916984446874088,89.33249999999998,C1_S2,100.0,24,female,,,,,345.6734573955702,1.6444253281431282e-14
245,C1,S2,6,11,Carla,1-2-3-4-5-6-7-8-9-10-1,0.3813068111234545,89.0326,C1_S2,100.0,24,female,,,,,345.6734573955702,1.6444253281431282e-14
246,C1,S3,1,13,Carla,1-2-3-4-5-6-7-8-9-10-1,0.278807821028681,138.50199999999995,C1_S3,100.0,24,female,,,,,518.5101860933553,0.0
247,C1,S3,2,13,Carla,1-2-3-4-5-6-7-8-9-10-1,5.7477873840142655,119.73700000000008,C1_S3,100.0,24,female,,,,,518.5101860933553,0.0
248,C1,S3,3,13,Carla,1-2-3-4-5-6-7-8-9-10-1,0.0958438395797719,129.89300000000003,C1_S3,100.0,24,female,,,,,518.5101860933553,0.0
249,C1,S3,4,13,Carla,1-2-3-4-5-6-7-8-9-10-1,0.0305134694476829,134.48900000000003,C1_S3,100.0,24,female,,,,,518.5101860933553,0.0
250,C1,S3,5,13,Carla,1-2-3-4-5-6-7-8-9-10-1,0.1250137037997064,126.29700000000004,C1_S3,100.0,24,female,,,,,518.5101860933553,0.0
251,C1,S3,6,13,Carla,1-2-3-4-5-6-7-8-9-10-1,0.0,125.99800000000003,C1_S3,100.0,24,female,,,,,518.5101860933553,0.0
252,C2,S1,1,5,Carla,1-2-5-4-3-6-7-8-9-10-1,3.7377042713538393,128.9447,C2_S1,80.0,24,female,,,,,173.87526226247925,0.0
253,C2,S1,2,5,Carla,1-2-4-5-3-6-7-8-9-10-1,2.546269044934923,71.69890000000001,C2_S1,70.0,24,female,,,,,174.08114162769206,0.1184063578302569
254,C2,S1,3,5,Carla,1-2-4-5-6-3-7-8-9-10-1,3.397470311196966,75.8783,C2_S1,70.0,24,female,,,,,177.1579153474228,1.8879356627443116
255,C2,S1,4,5,Carla,1-2-4-5-3-6-7-8-9-10-1,1.8976056035053948,56.3467,C2_S1,70.0,24,female,,,,,174.08114162769206,0.1184063578302569
256,C2,S1,5,5,Carla,1-2-4-5-3-6-7-8-9-10-1,0.0,59.9434,C2_S1,70.0,24,female,,,,,174.08114162769206,0.1184063578302569
257,C2,S1,6,5,Carla,1-2-4-5-3-6-7-8-9-10-1,0.4302233771548968,58.76120000000003,C2_S1,70.0,24,female,,,,,174.08114162769206,0.1184063578302569
258,C2,S2,1,7,Carla,1-2-5-4-3-6-7-8-9-10-1,1.4189392218005688,157.384,C2_S2,80.0,24,female,,,,,347.75122967436465,0.0
259,C2,S2,2,7,Carla,1-2-5-4-3-6-7-8-9-10-1,1.60223661534439,133.63999999999987,C2_S2,80.0,24,female,,,,,347.75122967436465,0.0
260,C2,S2,3,7,Carla,1-2-3-4-5-6-7-8-9-10-1,1.3007414387014045,168.4079999999999,C2_S2,100.0,24,female,,,,,348.98039496722794,0.35346109171613277
261,C2,S2,4,7,Carla,1-2-3-4-5-6-7-8-9-10-1,0.2581947038220912,143.06500000000003,C2_S2,100.0,24,female,,,,,348.98039496722794,0.35346109171613277
262,C2,S2,5,7,Carla,1-2-3-4-5-6-7-8-9-10-1,0.1421113179514525,105.55000000000018,C2_S2,100.0,24,female,,,,,348.98039496722794,0.35346109171613277
263,C2,S2,6,7,Carla,1-2-3-4-5-6-7-8-9-10-1,0.0,103.10200000000032,C2_S2,100.0,24,female,,,,,348.98039496722794,0.35346109171613277
264,C2,S3,1,6,Carla,1-2-5-4-3-6-7-8-9-10-1,0.6506606834721328,193.8667,C2_S3,80.0,24,female,,,,,521.64189924275,0.0
265,C2,S3,2,6,Carla,1-2-4-5-3-6-7-8-9-10-1,1.297257546202512,149.02570000000003,C2_S3,70.0,24,female,,,,,522.2552452432394,0.11757989559116594
266,C2,S3,3,6,Carla,1-2-5-4-3-6-7-8-9-10-1,7.314271669542598,154.6869999999999,C2_S3,80.0,24,female,,,,,521.64189924275,0.0
267,C2,S3,4,6,Carla,1-2-4-5-6-3-7-8-9-10-1,2.274117994598245,160.89779999999996,C2_S3,70.0,24,female,,,,,531.4478288747725,1.879820169019679
268,C2,S3,5,6,Carla,1-2-5-4-3-6-7-8-9-10-1,0.0,194.2170000000001,C2_S3,80.0,24,female,,,,,521.64189924275,0.0
269,C2,S3,6,6,Carla,1-2-5-4-3-6-7-8-9-10-1,0.0339563483131962,149.7750000000001,C2_S3,80.0,24,female,,,,,521.64189924275,0.0
270,C3,S1,1,10,Carla,1-2-3-4-5-6-7-8-9-10-1,1.6338137282228955,78.04299999999967,C3_S1,100.0,24,female,,,,,162.29329169471842,0.0
271,C3,S1,2,10,Carla,1-2-3-4-5-6-7-8-9-10-1,1.0471587868033254,60.94200000000001,C3_S1,100.0,24,female,,,,,162.29329169471842,0.0
272,C3,S1,3,10,Carla,1-2-3-4-5-6-7-8-9-10-1,2.052768846437201,58.86099999999988,C3_S1,100.0,24,female,,,,,162.29329169471842,0.0
273,C3,S1,4,10,Carla,1-2-3-4-5-6-7-8-9-10-1,1.1852837679919044,52.16700000000037,C3_S1,100.0,24,female,,,,,162.29329169471842,0.0
274,C3,S1,5,10,Carla,1-2-3-4-5-6-7-8-9-10-1,1.319482885195948,91.79699999999956,C3_S1,100.0,24,female,,,,,162.29329169471842,0.0
275,C3,S1,6,10,Carla,1-2-3-4-5-6-7-8-9-10-1,0.0,60.07700000000023,C3_S1,100.0,24,female,,,,,162.29329169471842,0.0
276,C3,S2,1,8,Carla,1-2-3-4-5-6-7-8-9-10-1,0.2502570623539141,126.98000000000002,C3_S2,100.0,24,female,,,,,324.69632125767396,0.0
277,C3,S2,2,8,Carla,1-3-2-4-5-6-7-8-9-10-1,5.971111933879847,130.76000000000022,C3_S2,80.0,24,female,,,,,345.4977015537381,6.406410831971366
278,C3,S2,3,8,Carla,1-2-3-4-5-6-7-8-9-10-1,1.108802493941079,114.02599999999984,C3_S2,100.0,24,female,,,,,324.69632125767396,0.0
279,C3,S2,4,8,Carla,1-2-3-4-5-6-7-8-9-10-1,0.5537508577998691,113.70900000000027,C3_S2,100.0,24,female,,,,,324.69632125767396,0.0
280,C3,S2,5,8,Carla,1-2-3-4-5-6-7-8-9-10-1,0.1796977689113301,104.20200000000024,C3_S2,100.0,24,female,,,,,324.69632125767396,0.0
281,C3,S2,6,8,Carla,1-2-3-4-5-6-7-8-9-10-1,0.0,106.5659999999998,C3_S2,100.0,24,female,,,,,324.69632125767396,0.0
282,C3,S3,1,9,Carla,1-2-3-4-5-6-7-8-9-10-1,0.5123361574662646,165.86000000000013,C3_S3,100.0,24,female,,,,,487.04730642825325,0.0
283,C3,S3,2,9,Carla,1-2-3-4-5-6-7-8-9-10-1,0.0,153.33799999999974,C3_S3,100.0,24,female,,,,,487.04730642825325,0.0
284,C3,S3,3,9,Carla,1-2-3-4-5-6-7-8-9-10-1,0.0292512434916986,156.98399999999992,C3_S3,100.0,24,female,,,,,487.04730642825325,0.0
285,C3,S3,4,9,Carla,1-2-3-4-5-7-6-8-9-10-1,3.781675246752437,137.5859999999998,C3_S3,80.0,24,female,,,,,505.62927303692754,3.8152282875650387
286,C3,S3,5,9,Carla,1-2-3-4-5-6-7-8-9-10-1,0.7164253055478558,140.0340000000001,C3_S3,100.0,24,female,,,,,487.04730642825325,0.0
287,C3,S3,6,9,Carla,1-2-3-4-5-6-7-8-9-10-1,0.1420924138427441,139.80099999999993,C3_S3,100.0,24,female,,,,,487.04730642825325,0.0
288,C4,S1,1,2,Carla,1-10-9-7-8-6-5-4-3-2-1,4.224819203279433,244.06900000000007,C4_S1,80.0,24,female,,,,,169.9577492664097,4.147704631213912
289,C4,S1,2,2,Carla,1-10-9-7-8-6-5-4-3-2-1,4.219668675812593,235.0951,C4_S1,80.0,24,female,,,,,169.9577492664097,4.147704631213912
290,C4,S1,3,2,Carla,1-10-9-8-7-6-5-4-3-2-1,0.6465892942984927,96.85799999999996,C4_S1,100.0,24,female,,,,,163.18914552003673,0.0
291,C4,S1,4,2,Carla,1-10-9-8-7-6-5-4-3-2-1,0.0,163.2130000000002,C4_S1,100.0,24,female,,,,,163.18914552003673,0.0
292,C4,S1,5,2,Carla,1-2-3-4-5-6-7-8-9-10-1,0.4678395782378428,156.53600000000006,C4_S1,100.0,24,female,,,,,163.18914552003673,0.0
293,C4,S1,6,2,Carla,1-2-3-4-5-6-7-8-9-10-1,0.7359311361271154,147.37799999999993,C4_S1,100.0,24,female,,,,,163.18914552003673,0.0
294,C4,S2,1,3,Carla,1-2-3-4-5-6-7-8-9-10-1,0.0282192309487043,173.3699999999999,C4_S2,100.0,24,female,,,,,326.40793991257743,0.0
295,C4,S2,2,3,Carla,1-2-3-4-5-6-7-8-9-10-1,0.7310514958399504,197.28,C4_S2,100.0,24,female,,,,,326.40793991257743,0.0
296,C4,S2,3,3,Carla,1-2-3-4-5-6-7-8-9-10-1,0.7391231417872897,107.7489999999998,C4_S2,100.0,24,female,,,,,326.40793991257743,0.0
297,C4,S2,4,3,Carla,1-10-9-8-6-5-4-3-2-7-1,40.19061696382514,141.2170000000001,C4_S2,70.0,24,female,,,,,450.45394760327963,38.00336711292186
298,C4,S2,5,3,Carla,1-2-3-4-5-6-7-8-9-10-1,0.6219581560829311,94.74499999999988,C4_S2,100.0,24,female,,,,,326.40793991257743,0.0
299,C4,S2,6,3,Carla,1-2-3-4-5-6-7-8-9-10-1,0.0,118.2710000000002,C4_S2,100.0,24,female,,,,,326.40793991257743,0.0
300,C4,S3,1,4,Carla,1-2-3-4-5-6-7-8-9-10-1,0.905103473004388,211.3670000000002,C4_S3,100.0,24,female,,,,,489.6036157312779,0.0
301,C4,S3,2,4,Carla,1-2-3-4-5-6-7-8-9-10-1,0.9114322874950116,126.51400000000012,C4_S3,100.0,24,female,,,,,489.6036157312779,0.0
302,C4,S3,3,4,Carla,1-2-3-4-5-6-7-8-9-10-1,0.0,136.87199999999984,C4_S3,100.0,24,female,,,,,489.6036157312779,0.0
303,C4,S3,4,4,Carla,1-2-3-4-5-6-7-8-9-10-1,0.1306433312555418,161.8800000000001,C4_S3,100.0,24,female,,,,,489.6036157312779,0.0
304,C4,S3,5,4,Carla,1-2-3-4-5-6-7-8-9-10-1,2.0179580629926663,150.9079999999999,C4_S3,100.0,24,female,,,,,489.6036157312779,0.0
305,C4,S3,6,4,Carla,1-2-3-4-5-8-6-7-9-10-1,15.957431356225516,135.8380000000002,C4_S3,70.0,24,female,,,,,521.0903951594726,6.431075755264926
306,demo,session,1,0,Carla,1-2-3-4-5-6-1,30.35863528894264,86.91825,demo_session,66.66666666666667,24,female,,,,,151.94837931338816,0.0
307,demo,session,2,0,Carla,1-2-3-4-5-6-1,1.607947984824316,63.17465999999999,demo_session,66.66666666666667,24,female,,,,,151.94837931338816,0.0
308,demo,session,3,0,Carla,1-2-3-4-5-6-1,0.0,121.68490000000004,demo_session,66.66666666666667,24,female,,,,,151.94837931338816,0.0
309,demo,session,4,0,Carla,1-2-3-4-5-6-1,0.5589844394347598,98.8406,demo_session,66.66666666666667,24,female,,,,,151.94837931338816,0.0
310,demo,session,5,0,Carla,1-2-3-4-5-6-1,0.1778743058228263,158.61740000000003,demo_session,66.66666666666667,24,female,,,,,151.94837931338816,0.0
311,demo,session,6,0,Carla,1-6-5-4-3-2-1,0.3569170286468267,141.2835,demo_session,66.66666666666667,24,female,,,,,151.94837931338816,0.0
312,C1,S1,1,9,Christoer,1-10-9-8-7-6-5-4-3-2-1,4.107667034222767,50.76879999999994,C1_S1,100.0,36,male,4.0,4.0,4.0,2.0,172.83672869778508,0.0
313,C1,S1,2,9,Christoer,1-2-3-4-5-6-7-8-9-10-1,0.7994800406112024,56.33019999999999,C1_S1,100.0,36,male,4.0,4.0,4.0,2.0,172.8367286977851,1.6444253281431282e-14
314,C1,S1,3,9,Christoer,1-2-3-4-5-6-7-8-9-10-1,0.0,80.49059999999997,C1_S1,100.0,36,male,4.0,4.0,4.0,2.0,172.8367286977851,1.6444253281431282e-14
315,C1,S1,4,9,Christoer,1-2-3-4-5-6-7-8-9-10-1,0.5337351569132683,75.34539999999993,C1_S1,100.0,36,male,4.0,4.0,4.0,2.0,172.8367286977851,1.6444253281431282e-14
316,C1,S1,5,9,Christoer,1-2-3-4-5-6-7-8-9-10-1,0.8026964093794152,71.08280000000002,C1_S1,100.0,36,male,4.0,4.0,4.0,2.0,172.8367286977851,1.6444253281431282e-14
317,C1,S1,6,9,Christoer,1-2-3-4-5-6-7-8-9-10-1,1.4060993275361695,51.70099999999991,C1_S1,100.0,36,male,4.0,4.0,4.0,2.0,172.8367286977851,1.6444253281431282e-14
318,C1,S2,1,10,Christoer,1-10-9-8-7-6-5-4-3-2-1,1.636102089648605,82.28859999999997,C1_S2,100.0,36,male,4.0,4.0,4.0,2.0,345.67345739557015,0.0
319,C1,S2,2,10,Christoer,1-2-3-4-5-6-7-8-9-10-1,0.0,74.16300000000012,C1_S2,100.0,36,male,4.0,4.0,4.0,2.0,345.6734573955702,1.6444253281431282e-14
320,C1,S2,3,10,Christoer,1-2-3-4-5-6-7-8-9-10-1,0.1761032839700087,92.74500000000012,C1_S2,100.0,36,male,4.0,4.0,4.0,2.0,345.6734573955702,1.6444253281431282e-14
321,C1,S2,4,10,Christoer,1-10-9-8-7-6-5-4-3-2-1,1.233668984950952,76.21100000000001,C1_S2,100.0,36,male,4.0,4.0,4.0,2.0,345.67345739557015,0.0
322,C1,S2,5,10,Christoer,1-10-9-8-7-6-5-4-3-2-1,0.3392286693899499,82.20600000000013,C1_S2,100.0,36,male,4.0,4.0,4.0,2.0,345.67345739557015,0.0
323,C1,S2,6,10,Christoer,1-2-3-4-5-6-7-8-9-10-1,0.4799457470628203,73.96299999999997,C1_S2,100.0,36,male,4.0,4.0,4.0,2.0,345.6734573955702,1.6444253281431282e-14
324,C1,S3,1,8,Christoer,1-10-9-8-7-6-5-4-3-2-1,1.011531291442723,122.6174,C1_S3,100.0,36,male,4.0,4.0,4.0,2.0,518.5101860933553,0.0
325,C1,S3,2,8,Christoer,1-2-3-4-5-6-7-8-9-10-1,0.2269564415476284,83.5377,C1_S3,100.0,36,male,4.0,4.0,4.0,2.0,518.5101860933553,0.0
326,C1,S3,3,8,Christoer,1-2-3-4-5-6-7-8-9-10-1,0.0972878901292592,80.47389999999999,C1_S3,100.0,36,male,4.0,4.0,4.0,2.0,518.5101860933553,0.0
327,C1,S3,4,8,Christoer,1-2-3-4-5-6-7-8-9-10-1,0.064779055740609,81.58949999999999,C1_S3,100.0,36,male,4.0,4.0,4.0,2.0,518.5101860933553,0.0
328,C1,S3,5,8,Christoer,1-2-3-4-5-6-7-8-9-10-1,0.07031945685078,84.3535,C1_S3,100.0,36,male,4.0,4.0,4.0,2.0,518.5101860933553,0.0
329,C1,S3,6,8,Christoer,1-2-3-4-5-6-7-8-9-10-1,0.0670762952253114,77.94310000000007,C1_S3,100.0,36,male,4.0,4.0,4.0,2.0,518.5101860933553,0.0
330,C2,S1,1,5,Christoer,1-10-9-8-7-6-3-4-5-2-1,0.3399622583258386,74.39599999999973,C2_S1,80.0,36,male,4.0,4.0,4.0,2.0,173.87526226247928,1.6346033967442166e-14
331,C2,S1,2,5,Christoer,1-10-9-8-7-6-3-4-5-2-1,1.2584945690999276,67.95200000000023,C2_S1,80.0,36,male,4.0,4.0,4.0,2.0,173.87526226247928,1.6346033967442166e-14
332,C2,S1,3,5,Christoer,1-2-4-3-6-5-7-8-9-10-1,5.441550065156436,75.34500000000025,C2_S1,70.0,36,male,4.0,4.0,4.0,2.0,180.03835778534702,3.5445499507365543
333,C2,S1,4,5,Christoer,1-2-3-4-5-6-7-8-9-10-1,1.5320439258520857,51.65200000000005,C2_S1,100.0,36,male,4.0,4.0,4.0,2.0,174.48527981508272,0.3508363091252128
334,C2,S1,5,5,Christoer,1-2-3-4-5-6-7-8-9-10-1,0.6194947593639258,43.89199999999983,C2_S1,100.0,36,male,4.0,4.0,4.0,2.0,174.48527981508272,0.3508363091252128
335,C2,S1,6,5,Christoer,1-10-9-8-7-6-3-4-5-2-1,0.0,69.56700000000001,C2_S1,80.0,36,male,4.0,4.0,4.0,2.0,173.87526226247928,1.6346033967442166e-14
336,C2,S2,1,7,Christoer,1-2-3-6-4-5-7-8-9-10-1,5.103666015269683,132.1260000000002,C2_S2,70.0,36,male,4.0,4.0,4.0,2.0,361.5384023570869,3.964665400502713
337,C2,S2,2,7,Christoer,1-2-3-6-4-5-7-8-9-10-1,6.247395879180544,86.16800000000012,C2_S2,70.0,36,male,4.0,4.0,4.0,2.0,361.5384023570869,3.964665400502713
338,C2,S2,3,7,Christoer,1-2-5-4-3-6-7-8-9-10-1,1.9792491916222184,70.79899999999998,C2_S2,80.0,36,male,4.0,4.0,4.0,2.0,347.75122967436465,0.0
339,C2,S2,4,7,Christoer,1-2-5-4-3-6-7-8-9-10-1,1.7619701531076393,76.32799999999997,C2_S2,80.0,36,male,4.0,4.0,4.0,2.0,347.75122967436465,0.0
340,C2,S2,5,7,Christoer,1-10-9-8-7-6-3-4-5-2-1,1.237507555618161,74.71199999999999,C2_S2,80.0,36,male,4.0,4.0,4.0,2.0,347.7512296743647,1.6346000821919843e-14
341,C2,S2,6,7,Christoer,1-10-9-8-7-6-3-4-5-2-1,0.0,65.10500000000002,C2_S2,80.0,36,male,4.0,4.0,4.0,2.0,347.7512296743647,1.6346000821919843e-14
342,C2,S3,1,6,Christoer,1-10-9-8-7-6-3-5-4-2-1,0.0,146.1949999999997,C2_S3,70.0,36,male,4.0,4.0,4.0,2.0,522.2552452432394,0.11757989559116594
343,C2,S3,2,6,Christoer,1-2-3-6-4-5-7-8-9-10-1,5.258233149543319,102.2199999999998,C2_S3,70.0,36,male,4.0,4.0,4.0,2.0,542.3130087175151,3.9627011374609014
344,C2,S3,3,6,Christoer,1-2-4-5-3-6-7-8-9-10-1,1.2693533279547964,97.45800000000008,C2_S3,70.0,36,male,4.0,4.0,4.0,2.0,522.2552452432394,0.11757989559116594
345,C2,S3,4,6,Christoer,1-2-4-5-3-6-7-8-9-10-1,1.2000599962347545,97.60699999999996,C2_S3,70.0,36,male,4.0,4.0,4.0,2.0,522.2552452432394,0.11757989559116594
346,C2,S3,5,6,Christoer,1-2-4-5-3-6-7-8-9-10-1,0.2743899964009885,120.4029999999998,C2_S3,70.0,36,male,4.0,4.0,4.0,2.0,522.2552452432394,0.11757989559116594
347,C2,S3,6,6,Christoer,1-10-9-8-7-6-3-4-5-2-1,0.3787069033167605,143.03099999999995,C2_S3,80.0,36,male,4.0,4.0,4.0,2.0,521.64189924275,0.0
348,C3,S1,1,13,Christoer,1-10-9-8-7-6-5-4-3-2-1,0.0,55.11400000000003,C3_S1,100.0,36,male,4.0,4.0,4.0,2.0,162.29329169471842,0.0
349,C3,S1,2,13,Christoer,1-10-9-8-7-6-5-4-3-2-1,3.6674388754766216,28.17300000000023,C3_S1,100.0,36,male,4.0,4.0,4.0,2.0,162.29329169471842,0.0
350,C3,S1,3,13,Christoer,1-10-9-8-7-6-5-4-3-2-1,9.641485633468196,24.54300000000012,C3_S1,100.0,36,male,4.0,4.0,4.0,2.0,162.29329169471842,0.0
351,C3,S1,4,13,Christoer,1-10-9-8-7-6-5-4-3-2-1,6.20759601053639,29.48799999999983,C3_S1,100.0,36,male,4.0,4.0,4.0,2.0,162.29329169471842,0.0
352,C3,S1,5,13,Christoer,1-10-9-8-7-6-5-4-3-2-1,6.909414767208647,24.376999999999956,C3_S1,100.0,36,male,4.0,4.0,4.0,2.0,162.29329169471842,0.0
353,C3,S1,6,13,Christoer,1-10-9-8-7-6-5-4-3-2-1,4.674432992507565,29.55600000000004,C3_S1,100.0,36,male,4.0,4.0,4.0,2.0,162.29329169471842,0.0
354,C3,S2,1,12,Christoer,1-10-9-8-7-6-5-4-3-2-1,0.0,78.19200000000001,C3_S2,100.0,36,male,4.0,4.0,4.0,2.0,324.696321257674,1.750664086387907e-14
355,C3,S2,2,12,Christoer,1-10-9-8-7-6-5-4-3-2-1,0.8652053636486826,62.22499999999991,C3_S2,100.0,36,male,4.0,4.0,4.0,2.0,324.696321257674,1.750664086387907e-14
356,C3,S2,3,12,Christoer,1-10-9-8-7-6-5-4-3-2-1,3.3067316882371243,61.0920000000001,C3_S2,100.0,36,male,4.0,4.0,4.0,2.0,324.696321257674,1.750664086387907e-14
357,C3,S2,4,12,Christoer,1-10-9-8-7-6-5-4-3-2-1,1.7450784327950857,62.40800000000036,C3_S2,100.0,36,male,4.0,4.0,4.0,2.0,324.696321257674,1.750664086387907e-14
358,C3,S2,5,12,Christoer,1-10-9-8-7-6-5-4-3-2-1,2.0359406099872768,51.06799999999976,C3_S2,100.0,36,male,4.0,4.0,4.0,2.0,324.696321257674,1.750664086387907e-14
359,C3,S2,6,12,Christoer,1-10-9-8-7-6-5-4-3-2-1,0.4584840847509369,60.875,C3_S2,100.0,36,male,4.0,4.0,4.0,2.0,324.696321257674,1.750664086387907e-14
360,C3,S3,1,11,Christoer,1-10-9-8-7-6-5-4-3-2-1,1.1381524725560892,108.414,C3_S3,100.0,36,male,4.0,4.0,4.0,2.0,487.04730642825336,2.3342052449757914e-14
361,C3,S3,2,11,Christoer,1-10-9-8-7-6-5-4-3-2-1,0.1342716165844287,85.7360000000001,C3_S3,100.0,36,male,4.0,4.0,4.0,2.0,487.04730642825336,2.3342052449757914e-14
362,C3,S3,3,11,Christoer,1-2-3-4-5-6-7-8-9-10-1,0.3118351523717237,103.22000000000004,C3_S3,100.0,36,male,4.0,4.0,4.0,2.0,487.04730642825325,0.0
363,C3,S3,4,11,Christoer,1-2-3-4-5-6-7-8-9-10-1,0.0,108.06399999999984,C3_S3,100.0,36,male,4.0,4.0,4.0,2.0,487.04730642825325,0.0
364,C3,S3,5,11,Christoer,1-10-9-8-7-6-5-4-3-2-1,0.1169381821393875,107.99800000000003,C3_S3,100.0,36,male,4.0,4.0,4.0,2.0,487.04730642825336,2.3342052449757914e-14
365,C3,S3,6,11,Christoer,1-10-9-8-7-6-5-4-3-2-1,0.0248543116501414,97.29099999999994,C3_S3,100.0,36,male,4.0,4.0,4.0,2.0,487.04730642825336,2.3342052449757914e-14
366,C4,S1,1,3,Christoer,1-2-3-4-5-6-7-8-9-10-1,0.0,55.631000000000085,C4_S1,100.0,36,male,4.0,4.0,4.0,2.0,163.18914552003673,0.0
367,C4,S1,2,3,Christoer,1-10-9-7-8-6-5-4-3-2-1,3.971889170511476,54.36500000000001,C4_S1,80.0,36,male,4.0,4.0,4.0,2.0,169.9577492664097,4.147704631213912
368,C4,S1,3,3,Christoer,1-2-3-4-5-6-7-8-9-10-1,0.0521648086176592,42.95899999999983,C4_S1,100.0,36,male,4.0,4.0,4.0,2.0,163.18914552003673,0.0
369,C4,S1,4,3,Christoer,1-10-9-8-7-6-5-4-3-2-1,0.8541910061186961,40.694999999999936,C4_S1,100.0,36,male,4.0,4.0,4.0,2.0,163.18914552003673,0.0
370,C4,S1,5,3,Christoer,1-2-3-4-8-5-6-7-9-10-1,8.565238807152337,51.40100000000007,C4_S1,70.0,36,male,4.0,4.0,4.0,2.0,176.73093698862579,8.298218257982338
371,C4,S1,6,3,Christoer,1-10-9-7-8-6-5-4-3-2-1,4.916486802241541,57.312999999999874,C4_S1,80.0,36,male,4.0,4.0,4.0,2.0,169.9577492664097,4.147704631213912
372,C4,S2,1,4,Christoer,1-2-3-4-5-6-7-8-9-10-1,2.712032517162911,120.03700000000003,C4_S2,100.0,36,male,4.0,4.0,4.0,2.0,326.40793991257743,0.0
373,C4,S2,2,4,Christoer,1-10-9-8-7-6-5-4-3-2-1,1.7432052542395204,85.01999999999998,C4_S2,100.0,36,male,4.0,4.0,4.0,2.0,326.4079399125775,1.741483950299509e-14
374,C4,S2,3,4,Christoer,1-2-3-4-5-6-7-8-9-10-1,2.4890385065392557,89.69799999999987,C4_S2,100.0,36,male,4.0,4.0,4.0,2.0,326.40793991257743,0.0
375,C4,S2,4,4,Christoer,1-2-3-4-5-6-7-8-9-10-1,5.3578161455317455,83.83799999999997,C4_S2,100.0,36,male,4.0,4.0,4.0,2.0,326.40793991257743,0.0
376,C4,S2,5,4,Christoer,1-10-9-8-7-6-5-4-3-2-1,1.1661310084323055,76.1110000000001,C4_S2,100.0,36,male,4.0,4.0,4.0,2.0,326.4079399125775,1.741483950299509e-14
377,C4,S2,6,4,Christoer,1-10-9-8-7-6-5-4-3-2-1,0.0,65.48800000000006,C4_S2,100.0,36,male,4.0,4.0,4.0,2.0,326.4079399125775,1.741483950299509e-14
378,C4,S3,1,2,Christoer,1-10-9-7-6-5-8-4-3-2-1,9.945803493504789,184.07620000000003,C4_S3,70.0,36,male,4.0,4.0,4.0,2.0,530.2858778932997,8.30922420808888
379,C4,S3,2,2,Christoer,1-2-3-4-5-8-7-9-10-6-1,68.06280284179334,191.96840000000003,C4_S3,60.0,36,male,4.0,4.0,4.0,2.0,731.791580389718,49.46613073857823
380,C4,S3,3,2,Christoer,1-2-3-4-5-6-7-8-9-10-1,1.917796526765796,141.13329999999996,C4_S3,100.0,36,male,4.0,4.0,4.0,2.0,489.6036157312779,0.0
381,C4,S3,4,2,Christoer,1-10-9-8-7-6-5-4-3-2-1,2.5366125229897545,132.125,C4_S3,100.0,36,male,4.0,4.0,4.0,2.0,489.6036157312779,0.0
382,C4,S3,5,2,Christoer,1-10-9-8-7-6-5-4-3-2-1,1.840045858282912,127.26260000000002,C4_S3,100.0,36,male,4.0,4.0,4.0,2.0,489.6036157312779,0.0
383,C4,S3,6,2,Christoer,1-2-3-4-5-6-7-8-9-10-1,0.2160320925881092,129.96000000000004,C4_S3,100.0,36,male,4.0,4.0,4.0,2.0,489.6036157312779,0.0
384,demo,session,1,0,Christoer,1-6-5-4-3-2-1,8.125739064171494,57.2625,demo_session,66.66666666666667,36,male,4.0,4.0,4.0,2.0,151.94837931338816,0.0
385,demo,session,2,0,Christoer,1-2-3-4-5-6-1,9.891666235637102,51.50129999999999,demo_session,66.66666666666667,36,male,4.0,4.0,4.0,2.0,151.94837931338816,0.0
386,demo,session,3,0,Christoer,1-2-3-4-5-6-1,6.662238716323338,30.20480000000001,demo_session,66.66666666666667,36,male,4.0,4.0,4.0,2.0,151.94837931338816,0.0
387,demo,session,4,0,Christoer,1-2-3-4-5-6-1,25.044880023057715,37.43129999999999,demo_session,66.66666666666667,36,male,4.0,4.0,4.0,2.0,151.94837931338816,0.0
388,demo,session,5,0,Christoer,1-6-5-4-3-2-1,24.71519981123297,43.0427,demo_session,66.66666666666667,36,male,4.0,4.0,4.0,2.0,151.94837931338816,0.0
389,demo,session,6,0,Christoer,1-2-3-4-5-6-1,8.384349302390307,33.3519,demo_session,66.66666666666667,36,male,4.0,4.0,4.0,2.0,151.94837931338816,0.0
390,C1,S1,1,3,Dania,1-2-3-4-5-6-7-8-9-10-1,1.2754424875992014,37.583900000000085,C1_S1,100.0,27,female,4.0,4.0,4.0,2.0,172.8367286977851,1.6444253281431282e-14
391,C1,S1,2,3,Dania,1-10-9-8-7-6-5-4-3-2-1,0.2849617209039315,32.57180000000005,C1_S1,100.0,27,female,4.0,4.0,4.0,2.0,172.83672869778508,0.0
392,C1,S1,3,3,Dania,1-10-9-8-7-6-5-4-3-2-1,0.9453017646765702,32.6549,C1_S1,100.0,27,female,4.0,4.0,4.0,2.0,172.83672869778508,0.0
393,C1,S1,4,3,Dania,1-2-3-4-5-6-7-8-9-10-1,0.3507671933643568,28.991499999999974,C1_S1,100.0,27,female,4.0,4.0,4.0,2.0,172.8367286977851,1.6444253281431282e-14
394,C1,S1,5,3,Dania,1-2-3-4-5-6-7-8-9-10-1,1.3953924449692106,32.4384,C1_S1,100.0,27,female,4.0,4.0,4.0,2.0,172.8367286977851,1.6444253281431282e-14
395,C1,S1,6,3,Dania,1-2-3-4-5-6-7-8-9-10-1,0.0,30.206999999999997,C1_S1,100.0,27,female,4.0,4.0,4.0,2.0,172.8367286977851,1.6444253281431282e-14
396,C1,S2,1,4,Dania,1-10-9-8-7-6-5-4-3-2-1,3.2164872823949184,62.82830000000001,C1_S2,100.0,27,female,4.0,4.0,4.0,2.0,345.67345739557015,0.0
397,C1,S2,2,4,Dania,1-2-3-4-5-6-7-8-9-10-1,0.7202799066823171,55.80100000000016,C1_S2,100.0,27,female,4.0,4.0,4.0,2.0,345.6734573955702,1.6444253281431282e-14
398,C1,S2,3,4,Dania,1-10-9-8-7-6-5-4-3-2-1,0.1328432571254443,57.26600000000008,C1_S2,100.0,27,female,4.0,4.0,4.0,2.0,345.67345739557015,0.0
399,C1,S2,4,4,Dania,1-2-3-4-5-6-7-8-9-10-1,0.5272587989462898,55.96800000000008,C1_S2,100.0,27,female,4.0,4.0,4.0,2.0,345.6734573955702,1.6444253281431282e-14
400,C1,S2,5,4,Dania,1-10-9-8-7-6-5-4-3-2-1,0.0551944176279049,64.1099999999999,C1_S2,100.0,27,female,4.0,4.0,4.0,2.0,345.67345739557015,0.0
401,C1,S2,6,4,Dania,1-2-3-4-5-6-7-8-9-10-1,0.0,55.317999999999984,C1_S2,100.0,27,female,4.0,4.0,4.0,2.0,345.6734573955702,1.6444253281431282e-14
402,C1,S3,1,2,Dania,1-2-3-4-5-6-7-8-9-10-1,0.9552095613800098,87.2406,C1_S3,100.0,27,female,4.0,4.0,4.0,2.0,518.5101860933553,0.0
403,C1,S3,2,2,Dania,1-10-9-8-7-6-5-4-3-2-1,0.0,88.22310000000004,C1_S3,100.0,27,female,4.0,4.0,4.0,2.0,518.5101860933553,0.0
404,C1,S3,3,2,Dania,1-2-3-4-5-6-7-8-9-10-1,0.6075282908104771,84.85930000000002,C1_S3,100.0,27,female,4.0,4.0,4.0,2.0,518.5101860933553,0.0
405,C1,S3,4,2,Dania,1-10-9-8-7-6-5-4-3-2-1,0.5034656907735308,88.73940000000005,C1_S3,100.0,27,female,4.0,4.0,4.0,2.0,518.5101860933553,0.0
406,C1,S3,5,2,Dania,1-2-3-4-5-6-7-8-9-10-1,0.1012385963928262,84.72619999999995,C1_S3,100.0,27,female,4.0,4.0,4.0,2.0,518.5101860933553,0.0
407,C1,S3,6,2,Dania,1-2-3-4-5-6-7-8-9-10-1,0.3301376314926781,88.80629999999996,C1_S3,100.0,27,female,4.0,4.0,4.0,2.0,518.5101860933553,0.0
408,C2,S1,1,5,Dania,1-10-9-8-7-6-5-4-3-2-1,1.863828341326305,39.33300000000008,C2_S1,100.0,27,female,4.0,4.0,4.0,2.0,174.48527981508278,0.35083630912524544
409,C2,S1,2,5,Dania,1-2-4-3-6-5-7-8-9-10-1,4.119724711850563,39.59899999999993,C2_S1,70.0,27,female,4.0,4.0,4.0,2.0,180.03835778534702,3.5445499507365543
410,C2,S1,3,5,Dania,1-2-3-6-4-5-7-8-9-10-1,4.841029737439014,62.66199999999981,C2_S1,70.0,27,female,4.0,4.0,4.0,2.0,180.77571423892223,3.9686220378067185
411,C2,S1,4,5,Dania,1-10-9-8-7-5-6-3-4-2-1,4.790657609618998,33.73799999999983,C2_S1,70.0,27,female,4.0,4.0,4.0,2.0,180.03835778534705,3.544549950736571
412,C2,S1,5,5,Dania,1-2-5-4-3-6-7-8-9-10-1,0.0,38.43299999999999,C2_S1,80.0,27,female,4.0,4.0,4.0,2.0,173.87526226247925,0.0
413,C2,S1,6,5,Dania,1-2-5-4-3-6-7-8-9-10-1,0.7965353513977637,40.981,C2_S1,80.0,27,female,4.0,4.0,4.0,2.0,173.87526226247925,0.0
414,C2,S2,1,7,Dania,1-10-9-8-7-6-5-4-3-2-1,0.0,73.51900000000023,C2_S2,100.0,27,female,4.0,4.0,4.0,2.0,348.980394967228,0.35346109171614915
415,C2,S2,2,7,Dania,1-10-9-8-7-5-2-4-6-3-1,9.335818440324834,73.05299999999988,C2_S2,40.0,27,female,4.0,4.0,4.0,2.0,379.3049128614971,9.07363669617485
416,C2,S2,3,7,Dania,1-10-9-8-7-6-3-4-5-2-1,0.7911278202027092,74.80199999999968,C2_S2,80.0,27,female,4.0,4.0,4.0,2.0,347.7512296743647,1.6346000821919843e-14
417,C2,S2,4,7,Dania,1-2-3-6-4-5-7-8-9-10-1,3.431534674344228,65.4090000000001,C2_S2,70.0,27,female,4.0,4.0,4.0,2.0,361.5384023570869,3.964665400502713
418,C2,S2,5,7,Dania,1-3-2-4-5-6-7-8-9-10-1,3.4184038018658707,66.27500000000009,C2_S2,80.0,27,female,4.0,4.0,4.0,2.0,360.3786826993764,3.631174226712618
419,C2,S2,6,7,Dania,1-2-5-4-3-6-7-8-9-10-1,0.3601279462938712,62.3119999999999,C2_S2,80.0,27,female,4.0,4.0,4.0,2.0,347.75122967436465,0.0
420,C2,S3,1,6,Dania,1-10-9-8-7-6-5-3-4-2-1,2.864440175008651,95.08299999999986,C2_S3,80.0,27,female,4.0,4.0,4.0,2.0,533.6548056639396,2.3029028992165452
421,C2,S3,2,6,Dania,1-2-3-4-5-6-7-8-9-10-1,0.9382861278997706,85.55899999999997,C2_S3,100.0,27,female,4.0,4.0,4.0,2.0,523.4700442506889,0.3504597714625273
422,C2,S3,3,6,Dania,1-2-5-4-3-6-7-8-9-10-1,0.0,83.2940000000001,C2_S3,80.0,27,female,4.0,4.0,4.0,2.0,521.64189924275,0.0
423,C2,S3,4,6,Dania,1-2-5-4-3-6-7-8-9-10-1,0.3654483316577421,84.34300000000007,C2_S3,80.0,27,female,4.0,4.0,4.0,2.0,521.64189924275,0.0
424,C2,S3,5,6,Dania,1-10-9-8-7-5-6-3-4-2-1,4.126360528411274,92.16899999999988,C2_S3,70.0,27,female,4.0,4.0,4.0,2.0,540.1210594506254,3.542499219234673
425,C2,S3,6,6,Dania,1-10-9-8-7-6-5-4-3-2-1,1.649029319533401,83.34400000000005,C2_S3,100.0,27,female,4.0,4.0,4.0,2.0,523.4700442506888,0.3504597714625055
426,C3,S1,1,13,Dania,1-10-9-8-7-6-5-4-3-2-1,0.2872001569977081,36.15099999999984,C3_S1,100.0,27,female,4.0,4.0,4.0,2.0,162.29329169471842,0.0
427,C3,S1,2,13,Dania,1-2-3-4-5-6-7-8-9-10-1,0.7051059483014437,27.07800000000043,C3_S1,100.0,27,female,4.0,4.0,4.0,2.0,162.29329169471842,0.0
428,C3,S1,3,13,Dania,1-10-9-8-6-7-5-4-3-2-1,3.1234117818738065,29.04199999999946,C3_S1,80.0,27,female,4.0,4.0,4.0,2.0,168.48027569921615,3.81222411591463
429,C3,S1,4,13,Dania,1-2-3-4-5-6-7-8-9-10-1,0.0,31.45600000000013,C3_S1,100.0,27,female,4.0,4.0,4.0,2.0,162.29329169471842,0.0
430,C3,S1,5,13,Dania,1-10-9-8-7-6-5-4-3-2-1,0.1719678557231084,29.6239999999998,C3_S1,100.0,27,female,4.0,4.0,4.0,2.0,162.29329169471842,0.0
431,C3,S1,6,13,Dania,1-10-9-8-7-6-5-4-3-2-1,7.733584429046584,34.23700000000008,C3_S1,100.0,27,female,4.0,4.0,4.0,2.0,162.29329169471842,0.0
432,C3,S2,1,12,Dania,1-10-9-8-7-6-5-4-3-2-1,1.2171151725185296,55.33500000000004,C3_S2,100.0,27,female,4.0,4.0,4.0,2.0,324.696321257674,1.750664086387907e-14
433,C3,S2,2,12,Dania,1-2-3-4-5-6-7-8-9-10-1,0.0,52.52099999999973,C3_S2,100.0,27,female,4.0,4.0,4.0,2.0,324.69632125767396,0.0
434,C3,S2,3,12,Dania,1-10-9-8-6-7-5-4-3-2-1,5.4869456539870045,54.93499999999949,C3_S2,80.0,27,female,4.0,4.0,4.0,2.0,337.08522054641577,3.8155342323420327
435,C3,S2,4,12,Dania,1-10-9-8-7-6-5-4-3-2-1,1.6291169052971683,60.03099999999995,C3_S2,100.0,27,female,4.0,4.0,4.0,2.0,324.696321257674,1.750664086387907e-14
436,C3,S2,5,12,Dania,1-2-3-4-5-6-7-8-9-10-1,1.2817209280324295,51.78800000000047,C3_S2,100.0,27,female,4.0,4.0,4.0,2.0,324.69632125767396,0.0
437,C3,S2,6,12,Dania,1-2-3-4-5-6-7-8-9-10-1,0.8697503155599071,55.35199999999986,C3_S2,100.0,27,female,4.0,4.0,4.0,2.0,324.69632125767396,0.0
438,C3,S3,1,11,Dania,1-10-9-8-6-7-5-4-3-2-1,3.206299304725737,90.82200000000012,C3_S3,80.0,27,female,4.0,4.0,4.0,2.0,505.62927303692754,3.8152282875650387
439,C3,S3,2,11,Dania,1-2-3-4-5-6-7-8-9-10-1,0.0,76.90000000000009,C3_S3,100.0,27,female,4.0,4.0,4.0,2.0,487.04730642825325,0.0
440,C3,S3,3,11,Dania,1-10-9-8-7-6-5-4-2-3-1,49.03044124259908,144.95699999999988,C3_S3,80.0,27,female,4.0,4.0,4.0,2.0,518.2599067923177,6.408535670376887
441,C3,S3,4,11,Dania,1-2-3-4-5-6-7-8-9-10-1,0.3972289551976269,92.36900000000014,C3_S3,100.0,27,female,4.0,4.0,4.0,2.0,487.04730642825325,0.0
442,C3,S3,5,11,Dania,1-2-3-4-5-6-7-8-9-10-1,0.2019514974464536,74.66799999999967,C3_S3,100.0,27,female,4.0,4.0,4.0,2.0,487.04730642825325,0.0
443,C3,S3,6,11,Dania,1-2-3-4-5-7-6-8-9-10-1,3.981414859337407,76.88500000000022,C3_S3,80.0,27,female,4.0,4.0,4.0,2.0,505.62927303692754,3.8152282875650387
444,C4,S1,1,8,Dania,1-10-9-8-7-6-5-4-3-2-1,2.6495617402370346,39.43200000000024,C4_S1,100.0,27,female,4.0,4.0,4.0,2.0,163.18914552003673,0.0
445,C4,S1,2,8,Dania,1-10-9-7-8-6-5-4-3-2-1,3.5502755673754147,34.4699999999998,C4_S1,80.0,27,female,4.0,4.0,4.0,2.0,169.9577492664097,4.147704631213912
446,C4,S1,3,8,Dania,1-2-3-4-5-6-7-8-9-10-1,0.0,34.78600000000006,C4_S1,100.0,27,female,4.0,4.0,4.0,2.0,163.18914552003673,0.0
447,C4,S1,4,8,Dania,1-2-3-4-5-6-7-8-9-10-1,1.5981574229830713,35.60199999999986,C4_S1,100.0,27,female,4.0,4.0,4.0,2.0,163.18914552003673,0.0
448,C4,S1,5,8,Dania,1-2-3-4-5-8-6-7-9-10-1,6.609616377446341,39.7819999999997,C4_S1,70.0,27,female,4.0,4.0,4.0,2.0,173.66749328546774,6.420983290303739
449,C4,S1,6,8,Dania,1-10-9-8-7-6-5-4-3-2-1,1.7143662712390766,37.50100000000021,C4_S1,100.0,27,female,4.0,4.0,4.0,2.0,163.18914552003673,0.0
450,C4,S2,1,9,Dania,1-10-9-8-7-6-5-4-3-2-1,0.0,69.15599999999995,C4_S2,100.0,27,female,4.0,4.0,4.0,2.0,326.4079399125775,1.741483950299509e-14
451,C4,S2,2,9,Dania,1-2-3-4-5-6-7-8-9-10-1,0.278993710613236,58.49900000000025,C4_S2,100.0,27,female,4.0,4.0,4.0,2.0,326.40793991257743,0.0
452,C4,S2,3,9,Dania,1-10-9-7-8-6-5-4-3-2-1,6.212155815331785,60.73099999999977,C4_S2,80.0,27,female,4.0,4.0,4.0,2.0,339.9584871743721,4.15141471908556
453,C4,S2,4,9,Dania,1-10-9-8-7-6-5-4-3-2-1,1.7176077523385669,50.92300000000023,C4_S2,100.0,27,female,4.0,4.0,4.0,2.0,326.4079399125775,1.741483950299509e-14
454,C4,S2,5,9,Dania,1-2-3-4-5-6-7-8-9-10-1,0.2031374139313902,55.434999999999945,C4_S2,100.0,27,female,4.0,4.0,4.0,2.0,326.40793991257743,0.0
455,C4,S2,6,9,Dania,1-10-9-7-6-8-5-4-3-2-1,9.96244988345063,64.67699999999968,C4_S2,70.0,27,female,4.0,4.0,4.0,2.0,347.39510902021493,6.42973608830059
456,C4,S3,1,10,Dania,1-10-9-8-7-6-5-4-3-2-1,1.6134187279880567,87.44100000000026,C4_S3,100.0,27,female,4.0,4.0,4.0,2.0,489.6036157312779,0.0
457,C4,S3,2,10,Dania,1-2-3-4-5-6-7-8-9-10-1,0.0,85.95899999999983,C4_S3,100.0,27,female,4.0,4.0,4.0,2.0,489.6036157312779,0.0
458,C4,S3,3,10,Dania,1-10-9-7-8-6-5-4-3-2-1,6.984250377347599,83.87699999999995,C4_S3,80.0,27,female,4.0,4.0,4.0,2.0,509.9410079226358,4.153848447581765
459,C4,S3,4,10,Dania,1-2-3-4-5-6-7-8-9-10-1,0.6288920414711153,80.19700000000012,C4_S3,100.0,27,female,4.0,4.0,4.0,2.0,489.6036157312779,0.0
460,C4,S3,5,10,Dania,1-2-3-4-5-8-6-7-9-10-1,7.221154559926106,81.91199999999981,C4_S3,70.0,27,female,4.0,4.0,4.0,2.0,521.0903951594726,6.431075755264926
461,C4,S3,6,10,Dania,1-2-3-4-5-6-7-8-9-10-1,1.8112066050263549,83.19500000000016,C4_S3,100.0,27,female,4.0,4.0,4.0,2.0,489.6036157312779,0.0
462,demo,session,1,0,Dania,1-2-3-4-5-6-1,4.90634546635251,74.56828,demo_session,66.66666666666667,27,female,4.0,4.0,4.0,2.0,151.94837931338816,0.0
463,demo,session,2,0,Dania,1-2-3-4-5-6-1,2.194584345084979,32.538470000000004,demo_session,66.66666666666667,27,female,4.0,4.0,4.0,2.0,151.94837931338816,0.0
464,demo,session,3,0,Dania,1-6-5-4-3-2-1,0.3360948986381482,33.50420000000001,demo_session,66.66666666666667,27,female,4.0,4.0,4.0,2.0,151.94837931338816,0.0
465,demo,session,4,0,Dania,1-2-3-4-5-6-1,1.2139019677652845,33.87049999999999,demo_session,66.66666666666667,27,female,4.0,4.0,4.0,2.0,151.94837931338816,0.0
466,demo,session,5,0,Dania,1-6-5-4-3-2-1,1.392116937822773,30.307000000000016,demo_session,66.66666666666667,27,female,4.0,4.0,4.0,2.0,151.94837931338816,0.0
467,demo,session,6,0,Dania,1-2-3-4-5-6-1,0.0,30.64000000000001,demo_session,66.66666666666667,27,female,4.0,4.0,4.0,2.0,151.94837931338816,0.0
468,C1,S1,1,3,Elina,1-2-3-4-5-6-7-8-9-10-1,3.640809201559089,45.83999999999992,C1_S1,100.0,23,female,0.0,5.0,2.0,2.0,172.8367286977851,1.6444253281431282e-14
469,C1,S1,2,3,Elina,1-2-3-4-5-6-7-8-9-10-1,3.3193644037399146,43.192999999999984,C1_S1,100.0,23,female,0.0,5.0,2.0,2.0,172.8367286977851,1.6444253281431282e-14
470,C1,S1,3,3,Elina,1-2-3-4-5-6-7-8-9-10-1,0.5282287955235666,71.58200000000011,C1_S1,100.0,23,female,0.0,5.0,2.0,2.0,172.8367286977851,1.6444253281431282e-14
471,C1,S1,4,3,Elina,1-10-9-8-7-6-5-4-3-2-1,0.7736913842989964,85.96900000000005,C1_S1,100.0,23,female,0.0,5.0,2.0,2.0,172.83672869778508,0.0
472,C1,S1,5,3,Elina,1-2-3-4-5-6-7-8-9-10-1,0.452186805040762,67.05300000000011,C1_S1,100.0,23,female,0.0,5.0,2.0,2.0,172.8367286977851,1.6444253281431282e-14
473,C1,S1,6,3,Elina,1-2-3-4-5-6-7-8-9-10-1,0.0,83.45499999999993,C1_S1,100.0,23,female,0.0,5.0,2.0,2.0,172.8367286977851,1.6444253281431282e-14
474,C1,S2,1,4,Elina,1-2-3-4-5-6-7-8-9-10-1,1.2650562743687117,86.269,C1_S2,100.0,23,female,0.0,5.0,2.0,2.0,345.6734573955702,1.6444253281431282e-14
475,C1,S2,2,4,Elina,1-10-9-8-7-6-5-4-3-2-1,0.6032504150616745,104.80099999999992,C1_S2,100.0,23,female,0.0,5.0,2.0,2.0,345.67345739557015,0.0
476,C1,S2,3,4,Elina,1-10-9-8-7-6-5-4-3-2-1,0.1713746184489538,103.0859999999998,C1_S2,100.0,23,female,0.0,5.0,2.0,2.0,345.67345739557015,0.0
477,C1,S2,4,4,Elina,1-10-9-8-7-6-5-4-3-2-1,0.2774622681886335,141.91499999999996,C1_S2,100.0,23,female,0.0,5.0,2.0,2.0,345.67345739557015,0.0
478,C1,S2,5,4,Elina,1-2-3-4-5-6-7-8-9-10-1,0.0,154.5699999999997,C1_S2,100.0,23,female,0.0,5.0,2.0,2.0,345.6734573955702,1.6444253281431282e-14
479,C1,S2,6,4,Elina,1-10-9-8-7-6-5-4-3-2-1,0.4026862604000503,111.12800000000016,C1_S2,100.0,23,female,0.0,5.0,2.0,2.0,345.67345739557015,0.0
480,C1,S3,1,2,Elina,1-3-4-5-6-7-8-9-10-2-1,21.782022322447464,178.46450000000004,C1_S3,80.0,23,female,0.0,5.0,2.0,2.0,619.7760034627906,19.530150050167563
481,C1,S3,2,2,Elina,1-2-3-4-5-6-7-8-9-10-1,0.9715824024233964,144.913,C1_S3,100.0,23,female,0.0,5.0,2.0,2.0,518.5101860933553,0.0
482,C1,S3,3,2,Elina,1-2-3-4-5-6-7-8-9-10-1,1.2568035491601708,142.18230000000003,C1_S3,100.0,23,female,0.0,5.0,2.0,2.0,518.5101860933553,0.0
483,C1,S3,4,2,Elina,1-2-3-4-5-6-7-8-9-10-1,0.2954401653192857,135.18840000000012,C1_S3,100.0,23,female,0.0,5.0,2.0,2.0,518.5101860933553,0.0
484,C1,S3,5,2,Elina,1-2-3-4-5-6-7-8-9-10-1,0.0,138.9179999999999,C1_S3,100.0,23,female,0.0,5.0,2.0,2.0,518.5101860933553,0.0
485,C1,S3,6,2,Elina,1-2-3-4-5-6-7-8-9-10-1,0.763711663894729,111.07799999999996,C1_S3,100.0,23,female,0.0,5.0,2.0,2.0,518.5101860933553,0.0
486,C2,S1,1,5,Elina,1-2-5-4-3-6-7-8-9-10-1,0.4905840399339877,88.01700000000028,C2_S1,80.0,23,female,0.0,5.0,2.0,2.0,173.87526226247925,0.0
487,C2,S1,2,5,Elina,1-2-4-5-3-6-7-8-9-10-1,0.950582736096621,66.88600000000042,C2_S1,70.0,23,female,0.0,5.0,2.0,2.0,174.08114162769206,0.1184063578302569
488,C2,S1,3,5,Elina,1-2-3-4-5-6-7-8-9-10-1,1.3271114701741134,60.409000000000106,C2_S1,100.0,23,female,0.0,5.0,2.0,2.0,174.48527981508272,0.3508363091252128
489,C2,S1,4,5,Elina,1-2-5-4-3-6-7-8-9-10-1,0.9630727669195792,98.19000000000004,C2_S1,80.0,23,female,0.0,5.0,2.0,2.0,173.87526226247925,0.0
490,C2,S1,5,5,Elina,1-10-9-8-7-6-5-4-3-2-1,1.051538741333896,83.03800000000001,C2_S1,100.0,23,female,0.0,5.0,2.0,2.0,174.48527981508278,0.35083630912524544
491,C2,S1,6,5,Elina,1-2-5-4-3-6-7-8-9-10-1,0.0,90.63100000000033,C2_S1,80.0,23,female,0.0,5.0,2.0,2.0,173.87526226247925,0.0
492,C2,S2,1,7,Elina,1-2-5-4-3-6-7-8-9-10-1,0.7763499198999431,114.7249,C2_S2,80.0,23,female,0.0,5.0,2.0,2.0,347.75122967436465,0.0
493,C2,S2,2,7,Elina,1-2-3-4-5-6-7-8-9-10-1,0.0,101.15439999999998,C2_S2,100.0,23,female,0.0,5.0,2.0,2.0,348.98039496722794,0.35346109171613277
494,C2,S2,3,7,Elina,1-10-9-8-7-6-5-4-3-2-1,0.3845273625694214,113.25960000000003,C2_S2,100.0,23,female,0.0,5.0,2.0,2.0,348.980394967228,0.35346109171614915
495,C2,S2,4,7,Elina,1-2-5-4-3-6-7-8-9-10-1,0.937373694586671,135.35539999999995,C2_S2,80.0,23,female,0.0,5.0,2.0,2.0,347.75122967436465,0.0
496,C2,S2,5,7,Elina,1-2-5-4-3-6-7-8-9-10-1,0.1494926603869291,100.18859999999997,C2_S2,80.0,23,female,0.0,5.0,2.0,2.0,347.75122967436465,0.0
497,C2,S2,6,7,Elina,1-10-9-8-7-6-3-4-5-2-1,0.918488553309938,107.08210000000008,C2_S2,80.0,23,female,0.0,5.0,2.0,2.0,347.7512296743647,1.6346000821919843e-14
498,C2,S3,1,6,Elina,1-2-5-4-3-6-7-8-10-9-1,29.422447771925064,249.28099999999995,C2_S3,60.0,23,female,0.0,5.0,2.0,2.0,616.0541195077179,18.09904848556509
499,C2,S3,2,6,Elina,1-2-5-4-3-6-7-8-9-10-1,0.0,161.6469999999999,C2_S3,80.0,23,female,0.0,5.0,2.0,2.0,521.64189924275,0.0
500,C2,S3,3,6,Elina,1-2-3-6-4-5-7-8-9-10-1,5.246053690737291,165.80999999999997,C2_S3,70.0,23,female,0.0,5.0,2.0,2.0,542.3130087175151,3.9627011374609014
501,C2,S3,4,6,Elina,1-10-9-8-7-6-5-4-3-2-1,0.0027039508417914,153.70400000000018,C2_S3,100.0,23,female,0.0,5.0,2.0,2.0,523.4700442506888,0.3504597714625055
502,C2,S3,5,6,Elina,1-10-9-8-7-6-5-3-4-2-1,1.7366172913571345,208.8689999999997,C2_S3,80.0,23,female,0.0,5.0,2.0,2.0,533.6548056639396,2.3029028992165452
503,C2,S3,6,6,Elina,1-10-9-8-7-6-3-4-5-2-1,0.086156822145787,202.70899999999983,C2_S3,80.0,23,female,0.0,5.0,2.0,2.0,521.64189924275,0.0
504,C3,S1,1,12,Elina,1-10-9-8-6-7-5-4-3-2-1,4.209841972260405,49.50300000000016,C3_S1,80.0,23,female,0.0,5.0,2.0,2.0,168.48027569921615,3.81222411591463
505,C3,S1,2,12,Elina,1-10-9-8-6-7-5-4-3-2-1,4.778589773493132,37.565000000000055,C3_S1,80.0,23,female,0.0,5.0,2.0,2.0,168.48027569921615,3.81222411591463
506,C3,S1,3,12,Elina,1-10-9-8-7-6-5-4-3-2-1,0.0,38.18199999999979,C3_S1,100.0,23,female,0.0,5.0,2.0,2.0,162.29329169471842,0.0
507,C3,S1,4,12,Elina,1-10-9-8-7-6-5-4-3-2-1,1.811526501830531,55.08199999999988,C3_S1,100.0,23,female,0.0,5.0,2.0,2.0,162.29329169471842,0.0
508,C3,S1,5,12,Elina,1-2-3-4-5-6-7-8-9-10-1,0.0589559576444913,44.5920000000001,C3_S1,100.0,23,female,0.0,5.0,2.0,2.0,162.29329169471842,0.0
509,C3,S1,6,12,Elina,1-10-9-8-6-7-5-4-3-2-1,4.4024314338990855,46.75599999999986,C3_S1,80.0,23,female,0.0,5.0,2.0,2.0,168.48027569921615,3.81222411591463
510,C3,S2,1,11,Elina,1-10-9-8-7-6-5-4-3-2-1,0.5177786197966536,87.05200000000013,C3_S2,100.0,23,female,0.0,5.0,2.0,2.0,324.696321257674,1.750664086387907e-14
511,C3,S2,2,11,Elina,1-10-9-8-7-6-5-4-3-2-1,0.2317231769477514,89.2829999999999,C3_S2,100.0,23,female,0.0,5.0,2.0,2.0,324.696321257674,1.750664086387907e-14
512,C3,S2,3,11,Elina,1-2-3-4-5-6-7-8-9-10-1,2.0546415661047317,78.56000000000017,C3_S2,100.0,23,female,0.0,5.0,2.0,2.0,324.69632125767396,0.0
513,C3,S2,4,11,Elina,1-10-9-8-7-6-5-4-3-2-1,0.0710571547089966,116.856,C3_S2,100.0,23,female,0.0,5.0,2.0,2.0,324.696321257674,1.750664086387907e-14
514,C3,S2,5,11,Elina,1-10-9-8-7-6-5-4-3-2-1,0.676113866570657,82.72199999999998,C3_S2,100.0,23,female,0.0,5.0,2.0,2.0,324.696321257674,1.750664086387907e-14
515,C3,S2,6,11,Elina,1-10-9-8-7-6-5-4-3-2-1,0.0,76.27899999999977,C3_S2,100.0,23,female,0.0,5.0,2.0,2.0,324.696321257674,1.750664086387907e-14
516,C3,S3,1,10,Elina,1-10-9-8-7-6-5-4-3-2-1,3.31701794359394,131.54199999999992,C3_S3,100.0,23,female,0.0,5.0,2.0,2.0,487.04730642825336,2.3342052449757914e-14
517,C3,S3,2,10,Elina,1-2-3-4-5-6-7-8-9-10-1,0.0,115.7745,C3_S3,100.0,23,female,0.0,5.0,2.0,2.0,487.04730642825325,0.0
518,C3,S3,3,10,Elina,1-10-9-8-7-6-5-4-3-2-1,1.6111551579391474,111.06200000000013,C3_S3,100.0,23,female,0.0,5.0,2.0,2.0,487.04730642825336,2.3342052449757914e-14
519,C3,S3,4,10,Elina,1-10-9-8-7-6-5-4-3-2-1,0.1606111309808162,111.66200000000003,C3_S3,100.0,23,female,0.0,5.0,2.0,2.0,487.04730642825336,2.3342052449757914e-14
520,C3,S3,5,10,Elina,1-10-9-8-7-6-5-4-3-2-1,0.7445511850542111,117.0559999999998,C3_S3,100.0,23,female,0.0,5.0,2.0,2.0,487.04730642825336,2.3342052449757914e-14
521,C3,S3,6,10,Elina,1-2-3-4-5-6-7-8-9-10-1,0.288145456243157,116.491,C3_S3,100.0,23,female,0.0,5.0,2.0,2.0,487.04730642825325,0.0
522,C4,S1,1,7,Elina,1-2-3-4-5-6-7-9-10-8-1,64.11117108095277,91.92967,C4_S1,70.0,23,female,0.0,5.0,2.0,2.0,205.54588322611113,25.95560971356011
523,C4,S1,2,7,Elina,1-2-3-4-5-6-7-8-9-10-1,2.2890344060709613,80.60789,C4_S1,100.0,23,female,0.0,5.0,2.0,2.0,163.18914552003673,0.0
524,C4,S1,3,7,Elina,1-10-9-7-8-6-5-4-3-2-1,6.448651003700063,70.333,C4_S1,80.0,23,female,0.0,5.0,2.0,2.0,169.9577492664097,4.147704631213912
525,C4,S1,4,7,Elina,1-2-3-4-5-6-7-8-9-10-1,2.429949083436828,64.1394,C4_S1,100.0,23,female,0.0,5.0,2.0,2.0,163.18914552003673,0.0
526,C4,S1,5,7,Elina,1-2-3-4-5-6-7-8-9-10-1,0.0,122.25169999999996,C4_S1,100.0,23,female,0.0,5.0,2.0,2.0,163.18914552003673,0.0
527,C4,S1,6,7,Elina,1-10-9-7-6-8-5-4-3-2-1,8.111990427946225,74.34710000000001,C4_S1,70.0,23,female,0.0,5.0,2.0,2.0,173.6674932854678,6.420983290303774
528,C4,S2,1,8,Elina,1-10-9-7-6-5-4-3-2-8-1,36.94794673607854,168.8741,C4_S2,70.0,23,female,0.0,5.0,2.0,2.0,398.8846802701911,22.204343551515713
529,C4,S2,2,8,Elina,1-10-9-8-7-6-5-4-3-2-1,0.984872730643409,100.6721,C4_S2,100.0,23,female,0.0,5.0,2.0,2.0,326.4079399125775,1.741483950299509e-14
530,C4,S2,3,8,Elina,1-2-3-4-5-6-7-8-9-10-1,0.0,100.05579999999998,C4_S2,100.0,23,female,0.0,5.0,2.0,2.0,326.40793991257743,0.0
531,C4,S2,4,8,Elina,1-10-9-8-7-6-5-4-3-2-1,4.201069361971575,132.29219999999998,C4_S2,100.0,23,female,0.0,5.0,2.0,2.0,326.4079399125775,1.741483950299509e-14
532,C4,S2,5,8,Elina,1-10-9-7-8-6-5-4-3-2-1,4.405152528445444,120.36999999999988,C4_S2,80.0,23,female,0.0,5.0,2.0,2.0,339.9584871743721,4.15141471908556
533,C4,S2,6,8,Elina,1-10-9-7-6-8-5-4-3-2-1,7.070258847727084,115.54099999999994,C4_S2,70.0,23,female,0.0,5.0,2.0,2.0,347.39510902021493,6.42973608830059
534,C4,S3,1,9,Elina,1-10-9-7-8-5-4-3-2-6-1,44.96244441531153,178.2311,C4_S3,60.0,23,female,0.0,5.0,2.0,2.0,698.3543094996816,42.63667323138762
535,C4,S3,2,9,Elina,1-10-9-7-6-8-5-4-3-2-1,7.6302029453386915,122.3018,C4_S3,70.0,23,female,0.0,5.0,2.0,2.0,521.0903951594726,6.431075755264926
536,C4,S3,3,9,Elina,1-2-3-4-5-6-7-8-9-10-1,0.0,130.44370000000004,C4_S3,100.0,23,female,0.0,5.0,2.0,2.0,489.6036157312779,0.0
537,C4,S3,4,9,Elina,1-2-3-4-5-6-7-8-9-10-1,1.424330783235931,115.5412,C4_S3,100.0,23,female,0.0,5.0,2.0,2.0,489.6036157312779,0.0
538,C4,S3,5,9,Elina,1-2-3-4-5-8-6-7-9-10-1,7.357754870462394,123.91660000000002,C4_S3,70.0,23,female,0.0,5.0,2.0,2.0,521.0903951594726,6.431075755264926
539,C4,S3,6,9,Elina,1-10-9-7-6-8-5-4-3-2-1,8.703530309874216,128.26210000000003,C4_S3,70.0,23,female,0.0,5.0,2.0,2.0,521.0903951594726,6.431075755264926
540,demo,session,1,0,Elina,1-2-3-4-5-6-1,62.51815683041512,132.7245,demo_session,66.66666666666667,23,female,0.0,5.0,2.0,2.0,151.94837931338816,0.0
541,demo,session,2,0,Elina,1-2-3-5-6-4-1,113.3105537887926,81.32310000000001,demo_session,66.66666666666667,23,female,0.0,5.0,2.0,2.0,205.5130828704504,35.251908443581975
542,demo,session,3,0,Elina,1-2-3-5-6-4-1,121.90903076260942,166.326,demo_session,66.66666666666667,23,female,0.0,5.0,2.0,2.0,205.5130828704504,35.251908443581975
543,demo,session,4,0,Elina,1-6-5-4-3-2-1,16.191554174527667,63.939599999999984,demo_session,66.66666666666667,23,female,0.0,5.0,2.0,2.0,151.94837931338816,0.0
544,demo,session,5,0,Elina,1-6-5-4-3-2-1,4.673731209692622,34.93360000000001,demo_session,66.66666666666667,23,female,0.0,5.0,2.0,2.0,151.94837931338816,0.0
545,demo,session,6,0,Elina,1-2-3-4-5-6-1,4.2175504041793,37.06499999999994,demo_session,66.66666666666667,23,female,0.0,5.0,2.0,2.0,151.94837931338816,0.0
546,C1,S1,1,11,Gerit,1-10-9-8-7-6-5-4-3-2-1,1.660717157857082,51.23400000000038,C1_S1,100.0,34,male,3.0,4.0,4.0,4.0,172.83672869778508,0.0
547,C1,S1,2,11,Gerit,1-2-3-4-5-6-7-8-9-10-1,0.0582676766397203,39.37899999999991,C1_S1,100.0,34,male,3.0,4.0,4.0,4.0,172.8367286977851,1.6444253281431282e-14
548,C1,S1,3,11,Gerit,1-10-9-8-7-6-5-4-3-2-1,1.2924937210539449,47.904,C1_S1,100.0,34,male,3.0,4.0,4.0,4.0,172.83672869778508,0.0
549,C1,S1,4,11,Gerit,1-2-3-4-5-6-7-8-9-10-1,0.0,40.99399999999969,C1_S1,100.0,34,male,3.0,4.0,4.0,4.0,172.8367286977851,1.6444253281431282e-14
550,C1,S1,5,11,Gerit,1-2-3-4-5-6-7-8-9-10-1,0.4355641389256865,47.78800000000001,C1_S1,100.0,34,male,3.0,4.0,4.0,4.0,172.8367286977851,1.6444253281431282e-14
551,C1,S1,6,11,Gerit,1-2-3-4-5-6-7-8-9-10-1,0.6117222310923112,42.69300000000021,C1_S1,100.0,34,male,3.0,4.0,4.0,4.0,172.8367286977851,1.6444253281431282e-14
552,C1,S2,1,12,Gerit,1-2-3-4-5-6-7-8-9-10-1,0.0,80.24099999999999,C1_S2,100.0,34,male,3.0,4.0,4.0,4.0,345.6734573955702,1.6444253281431282e-14
553,C1,S2,2,12,Gerit,1-10-9-8-7-6-5-4-3-2-1,0.3873649816572047,77.80999999999995,C1_S2,100.0,34,male,3.0,4.0,4.0,4.0,345.67345739557015,0.0
554,C1,S2,3,12,Gerit,1-2-3-4-5-6-7-8-9-10-1,0.0018962738219447,105.26699999999984,C1_S2,100.0,34,male,3.0,4.0,4.0,4.0,345.6734573955702,1.6444253281431282e-14
555,C1,S2,4,12,Gerit,1-10-9-8-7-6-5-4-3-2-1,3.988447316407885,77.06100000000015,C1_S2,100.0,34,male,3.0,4.0,4.0,4.0,345.67345739557015,0.0
556,C1,S2,5,12,Gerit,1-2-3-4-5-6-7-8-9-10-1,0.0677407356083857,77.61000000000013,C1_S2,100.0,34,male,3.0,4.0,4.0,4.0,345.6734573955702,1.6444253281431282e-14
557,C1,S2,6,12,Gerit,1-10-9-8-7-6-5-4-3-2-1,0.8181108736717003,76.62699999999995,C1_S2,100.0,34,male,3.0,4.0,4.0,4.0,345.67345739557015,0.0
558,C1,S3,1,13,Gerit,1-2-3-4-5-6-7-8-9-10-1,0.0,114.85800000000016,C1_S3,100.0,34,male,3.0,4.0,4.0,4.0,518.5101860933553,0.0
559,C1,S3,2,13,Gerit,1-2-3-4-5-6-7-8-9-10-1,0.5681702288357667,110.79599999999982,C1_S3,100.0,34,male,3.0,4.0,4.0,4.0,518.5101860933553,0.0
560,C1,S3,3,13,Gerit,1-10-9-8-7-6-5-4-3-2-1,1.098362722531553,108.51400000000012,C1_S3,100.0,34,male,3.0,4.0,4.0,4.0,518.5101860933553,0.0
561,C1,S3,4,13,Gerit,1-10-9-8-7-6-5-4-3-2-1,1.3958711694209147,110.24599999999964,C1_S3,100.0,34,male,3.0,4.0,4.0,4.0,518.5101860933553,0.0
562,C1,S3,5,13,Gerit,1-10-9-8-7-6-5-4-3-2-1,1.1269771490590057,110.04599999999937,C1_S3,100.0,34,male,3.0,4.0,4.0,4.0,518.5101860933553,0.0
563,C1,S3,6,13,Gerit,1-2-3-4-5-6-7-8-9-10-1,0.5244812639611801,117.52300000000014,C1_S3,100.0,34,male,3.0,4.0,4.0,4.0,518.5101860933553,0.0
564,C2,S1,1,9,Gerit,1-10-9-8-7-6-5-4-3-2-1,2.1413046378660834,49.5019999999995,C2_S1,100.0,34,male,3.0,4.0,4.0,4.0,174.48527981508278,0.35083630912524544
565,C2,S1,2,9,Gerit,1-2-3-4-5-6-7-8-9-10-1,0.0,46.20600000000013,C2_S1,100.0,34,male,3.0,4.0,4.0,4.0,174.48527981508272,0.3508363091252128
566,C2,S1,3,9,Gerit,1-10-9-8-7-6-3-4-5-2-1,1.4486205750575518,57.01299999999992,C2_S1,80.0,34,male,3.0,4.0,4.0,4.0,173.87526226247928,1.6346033967442166e-14
567,C2,S1,4,9,Gerit,1-2-5-4-3-6-7-8-9-10-1,1.2076184330858193,43.625,C2_S1,80.0,34,male,3.0,4.0,4.0,4.0,173.87526226247925,0.0
568,C2,S1,5,9,Gerit,1-10-9-8-7-6-3-5-4-2-1,1.2802708150893742,48.88699999999972,C2_S1,70.0,34,male,3.0,4.0,4.0,4.0,174.0811416276921,0.11840635783027323
569,C2,S1,6,9,Gerit,1-2-3-4-5-6-7-8-9-10-1,0.948604807428736,51.78500000000077,C2_S1,100.0,34,male,3.0,4.0,4.0,4.0,174.48527981508272,0.3508363091252128
570,C2,S2,1,10,Gerit,1-10-9-8-7-6-5-4-3-2-1,0.124371850475248,84.81999999999971,C2_S2,100.0,34,male,3.0,4.0,4.0,4.0,348.980394967228,0.35346109171614915
571,C2,S2,2,10,Gerit,1-2-3-4-5-6-7-8-9-10-1,0.6167685203172977,87.38400000000001,C2_S2,100.0,34,male,3.0,4.0,4.0,4.0,348.98039496722794,0.35346109171613277
572,C2,S2,3,10,Gerit,1-10-9-8-7-6-5-4-3-2-1,0.8188764344746725,89.51500000000033,C2_S2,100.0,34,male,3.0,4.0,4.0,4.0,348.980394967228,0.35346109171614915
573,C2,S2,4,10,Gerit,1-2-3-4-5-6-7-8-9-10-1,0.18797674413161,90.23199999999996,C2_S2,100.0,34,male,3.0,4.0,4.0,4.0,348.98039496722794,0.35346109171613277
574,C2,S2,5,10,Gerit,1-2-5-4-3-6-7-8-9-10-1,0.0,93.77900000000044,C2_S2,80.0,34,male,3.0,4.0,4.0,4.0,347.75122967436465,0.0
575,C2,S2,6,10,Gerit,1-10-9-8-7-6-5-4-3-2-1,0.0366591222407759,108.91299999999956,C2_S2,100.0,34,male,3.0,4.0,4.0,4.0,348.980394967228,0.35346109171614915
576,C2,S3,1,8,Gerit,1-10-9-8-7-6-3-4-2-5-1,30.58030815238086,172.48700000000008,C2_S3,60.0,34,male,3.0,4.0,4.0,4.0,569.4778164140378,9.170259758798045
577,C2,S3,2,8,Gerit,1-10-9-8-7-5-6-3-4-2-1,7.851917944947631,128.6279999999997,C2_S3,70.0,34,male,3.0,4.0,4.0,4.0,540.1210594506254,3.542499219234673
578,C2,S3,3,8,Gerit,1-2-3-4-5-6-8-9-10-7-1,52.158129153492204,222.48999999999975,C2_S3,70.0,34,male,3.0,4.0,4.0,4.0,737.0450346082043,41.293296354864864
579,C2,S3,4,8,Gerit,1-2-4-5-3-6-7-8-9-10-1,0.3584537938169401,145.9290000000001,C2_S3,70.0,34,male,3.0,4.0,4.0,4.0,522.2552452432394,0.11757989559116594
580,C2,S3,5,8,Gerit,1-2-3-4-5-6-7-8-9-10-1,0.0,150.09200000000055,C2_S3,100.0,34,male,3.0,4.0,4.0,4.0,523.4700442506889,0.3504597714625273
581,C2,S3,6,8,Gerit,1-10-9-8-7-6-5-4-3-2-1,0.7855815024813264,155.78600000000006,C2_S3,100.0,34,male,3.0,4.0,4.0,4.0,523.4700442506888,0.3504597714625055
582,C3,S1,1,4,Gerit,1-10-9-8-6-7-5-4-3-2-1,9.461553644327973,49.28700000000026,C3_S1,80.0,34,male,3.0,4.0,4.0,4.0,168.48027569921615,3.81222411591463
583,C3,S1,2,4,Gerit,1-2-3-4-5-6-7-8-9-10-1,2.379523938874583,48.30400000000009,C3_S1,100.0,34,male,3.0,4.0,4.0,4.0,162.29329169471842,0.0
584,C3,S1,3,4,Gerit,1-10-9-8-7-6-5-4-3-2-1,3.727870896381374,56.88000000000011,C3_S1,100.0,34,male,3.0,4.0,4.0,4.0,162.29329169471842,0.0
585,C3,S1,4,4,Gerit,1-2-3-4-5-6-7-8-9-10-1,0.0,61.45899999999983,C3_S1,100.0,34,male,3.0,4.0,4.0,4.0,162.29329169471842,0.0
586,C3,S1,5,4,Gerit,1-10-9-8-7-6-5-4-3-2-1,1.1041345441683086,63.3739999999998,C3_S1,100.0,34,male,3.0,4.0,4.0,4.0,162.29329169471842,0.0
587,C3,S1,6,4,Gerit,1-2-3-4-5-6-7-8-9-10-1,1.1977417028685928,64.73900000000003,C3_S1,100.0,34,male,3.0,4.0,4.0,4.0,162.29329169471842,0.0
588,C3,S2,1,2,Gerit,1-10-9-8-6-7-5-4-3-2-1,5.119725810518714,133.15739999999994,C3_S2,80.0,34,male,3.0,4.0,4.0,4.0,337.08522054641577,3.8155342323420327
589,C3,S2,2,2,Gerit,1-2-3-4-5-6-7-8-10-9-1,22.557247215890357,123.30000000000008,C3_S2,80.0,34,male,3.0,4.0,4.0,4.0,396.13338109028655,22.00119162296306
590,C3,S2,3,2,Gerit,1-10-9-8-7-6-5-4-3-2-1,0.563376836157493,132.80780000000004,C3_S2,100.0,34,male,3.0,4.0,4.0,4.0,324.696321257674,1.750664086387907e-14
591,C3,S2,4,2,Gerit,1-10-9-8-7-6-5-4-3-2-1,0.0,278.6360000000001,C3_S2,100.0,34,male,3.0,4.0,4.0,4.0,324.696321257674,1.750664086387907e-14
592,C3,S2,5,2,Gerit,1-2-3-4-5-6-7-8-9-10-1,3.950537753116571,149.30899999999997,C3_S2,100.0,34,male,3.0,4.0,4.0,4.0,324.69632125767396,0.0
593,C3,S2,6,2,Gerit,1-10-9-8-6-7-5-4-3-2-1,4.143672227149732,139.56799999999998,C3_S2,80.0,34,male,3.0,4.0,4.0,4.0,337.08522054641577,3.8155342323420327
594,C3,S3,1,3,Gerit,1-10-9-8-7-6-5-4-3-2-1,10.676851515709094,160.048,C3_S3,100.0,34,male,3.0,4.0,4.0,4.0,487.04730642825336,2.3342052449757914e-14
595,C3,S3,2,3,Gerit,1-10-9-8-7-6-5-4-3-2-1,0.0,126.63100000000009,C3_S3,100.0,34,male,3.0,4.0,4.0,4.0,487.04730642825336,2.3342052449757914e-14
596,C3,S3,3,3,Gerit,1-10-9-8-7-6-5-4-3-2-1,0.179051270702481,136.13799999999992,C3_S3,100.0,34,male,3.0,4.0,4.0,4.0,487.04730642825336,2.3342052449757914e-14
597,C3,S3,4,3,Gerit,1-2-4-5-6-7-8-9-10-3-1,168.2254757156663,292.4569999999999,C3_S3,70.0,34,male,3.0,4.0,4.0,4.0,677.1607714255495,39.03388079311794
598,C3,S3,5,3,Gerit,1-10-9-8-7-6-5-4-3-2-1,0.068338281538796,124.0329999999999,C3_S3,100.0,34,male,3.0,4.0,4.0,4.0,487.04730642825336,2.3342052449757914e-14
599,C3,S3,6,3,Gerit,1-2-3-5-6-7-8-9-10-4-1,96.30647957974236,256.6909999999998,C3_S3,70.0,34,male,3.0,4.0,4.0,4.0,696.3781376977171,42.97956861820778
600,C4,S1,1,6,Gerit,1-10-9-8-7-6-5-4-3-2-1,1.1113438862245626,47.73900000000049,C4_S1,100.0,34,male,3.0,4.0,4.0,4.0,163.18914552003673,0.0
601,C4,S1,2,6,Gerit,1-2-3-4-5-6-7-9-10-8-1,39.94999738914401,63.04100000000017,C4_S1,70.0,34,male,3.0,4.0,4.0,4.0,205.54588322611113,25.95560971356011
602,C4,S1,3,6,Gerit,1-2-3-4-5-6-7-8-9-10-1,0.0,48.90399999999954,C4_S1,100.0,34,male,3.0,4.0,4.0,4.0,163.18914552003673,0.0
603,C4,S1,4,6,Gerit,1-10-9-8-7-6-5-4-3-2-1,1.4547815468472658,47.871000000000095,C4_S1,100.0,34,male,3.0,4.0,4.0,4.0,163.18914552003673,0.0
604,C4,S1,5,6,Gerit,1-10-9-7-6-8-5-4-3-2-1,6.753309338623007,46.00699999999961,C4_S1,70.0,34,male,3.0,4.0,4.0,4.0,173.6674932854678,6.420983290303774
605,C4,S1,6,6,Gerit,1-10-9-8-7-6-5-4-3-2-1,0.576904808190162,40.16200000000026,C4_S1,100.0,34,male,3.0,4.0,4.0,4.0,163.18914552003673,0.0
606,C4,S2,1,5,Gerit,1-10-9-8-6-5-4-3-2-7-1,51.83962486008953,166.90899999999965,C4_S2,70.0,34,male,3.0,4.0,4.0,4.0,450.45394760327963,38.00336711292186
607,C4,S2,2,5,Gerit,1-2-3-4-5-6-7-9-10-8-1,34.545352820327736,111.01199999999972,C4_S2,70.0,34,male,3.0,4.0,4.0,4.0,411.11382550348657,25.95092681066401
608,C4,S2,3,5,Gerit,1-10-9-7-8-5-4-3-2-6-1,167.4516818922259,204.02399999999943,C4_S2,60.0,34,male,3.0,4.0,4.0,4.0,465.560667428914,42.631538789652645
609,C4,S2,4,5,Gerit,1-10-9-7-8-6-5-4-3-2-1,6.076964057187065,101.33800000000063,C4_S2,80.0,34,male,3.0,4.0,4.0,4.0,339.9584871743721,4.15141471908556
610,C4,S2,5,5,Gerit,1-2-3-4-5-6-8-7-9-10-1,4.347745892757181,97.29100000000015,C4_S2,80.0,34,male,3.0,4.0,4.0,4.0,339.9584871743721,4.15141471908556
611,C4,S2,6,5,Gerit,1-10-9-8-7-6-5-4-3-2-1,0.0,80.95700000000033,C4_S2,100.0,34,male,3.0,4.0,4.0,4.0,326.4079399125775,1.741483950299509e-14
612,C4,S3,1,7,Gerit,1-10-9-7-6-8-5-4-3-2-1,10.342836883443647,149.0590000000002,C4_S3,70.0,34,male,3.0,4.0,4.0,4.0,521.0903951594726,6.431075755264926
613,C4,S3,2,7,Gerit,1-10-9-7-6-8-4-3-2-5-1,60.12082659106169,180.54600000000028,C4_S3,50.0,34,male,3.0,4.0,4.0,4.0,668.104651408243,36.45827562166871
614,C4,S3,3,7,Gerit,1-10-9-7-6-8-5-3-2-4-1,73.28205413173725,215.1140000000005,C4_S3,40.0,34,male,3.0,4.0,4.0,4.0,611.9527783916327,24.98943200768904
615,C4,S3,4,7,Gerit,1-2-3-4-5-6-7-8-9-10-1,0.4788060452597965,125.33100000000012,C4_S3,100.0,34,male,3.0,4.0,4.0,4.0,489.6036157312779,0.0
616,C4,S3,5,7,Gerit,1-2-3-4-5-6-8-7-9-10-1,4.132944352022507,124.19999999999982,C4_S3,80.0,34,male,3.0,4.0,4.0,4.0,509.9410079226358,4.153848447581765
617,C4,S3,6,7,Gerit,1-2-3-4-5-8-7-9-10-6-1,69.40940434857566,180.86300000000028,C4_S3,60.0,34,male,3.0,4.0,4.0,4.0,731.791580389718,49.46613073857823
618,demo,session,1,0,Gerit,1-6-5-4-3-2-1,6.716877470404794,43.52551,demo_session,66.66666666666667,34,male,3.0,4.0,4.0,4.0,151.94837931338816,0.0
619,demo,session,2,0,Gerit,1-6-5-4-3-2-1,3.5761389432232296,35.48382000000001,demo_session,66.66666666666667,34,male,3.0,4.0,4.0,4.0,151.94837931338816,0.0
620,demo,session,3,0,Gerit,1-2-3-4-5-6-1,0.5222417208377705,33.734790000000004,demo_session,66.66666666666667,34,male,3.0,4.0,4.0,4.0,151.94837931338816,0.0
621,demo,session,4,0,Gerit,1-6-5-4-3-2-1,2.154013593936749,61.6251,demo_session,66.66666666666667,34,male,3.0,4.0,4.0,4.0,151.94837931338816,0.0
622,demo,session,5,0,Gerit,1-6-5-4-3-2-1,3.865104044820616,33.4684,demo_session,66.66666666666667,34,male,3.0,4.0,4.0,4.0,151.94837931338816,0.0
623,demo,session,6,0,Gerit,1-2-3-4-5-6-1,3.055487047447139,33.9512,demo_session,66.66666666666667,34,male,3.0,4.0,4.0,4.0,151.94837931338816,0.0
624,C1,S1,1,2,Jana,1-2-3-4-5-6-7-8-9-10-1,0.9948702923531704,78.34199999999964,C1_S1,100.0,19,female,0.0,4.0,4.0,2.0,172.8367286977851,1.6444253281431282e-14
625,C1,S1,2,2,Jana,1-10-9-8-7-6-5-4-3-2-1,2.587300724680484,72.26499999999987,C1_S1,100.0,19,female,0.0,4.0,4.0,2.0,172.83672869778508,0.0
626,C1,S1,3,2,Jana,1-2-3-4-5-6-7-8-9-10-1,1.012886884157446,88.25,C1_S1,100.0,19,female,0.0,4.0,4.0,2.0,172.8367286977851,1.6444253281431282e-14
627,C1,S1,4,2,Jana,1-2-3-4-5-6-7-8-9-10-1,0.0,73.24800000000005,C1_S1,100.0,19,female,0.0,4.0,4.0,2.0,172.8367286977851,1.6444253281431282e-14
628,C1,S1,5,2,Jana,1-2-3-4-5-6-7-8-9-10-1,1.4433357512977834,78.47599999999966,C1_S1,100.0,19,female,0.0,4.0,4.0,2.0,172.8367286977851,1.6444253281431282e-14
629,C1,S1,6,2,Jana,1-2-3-4-5-6-7-8-9-10-1,1.7784443588574377,79.6579999999999,C1_S1,100.0,19,female,0.0,4.0,4.0,2.0,172.8367286977851,1.6444253281431282e-14
630,C1,S2,1,4,Jana,1-10-9-8-7-6-5-4-3-2-1,0.0,97.70700000000032,C1_S2,100.0,19,female,0.0,4.0,4.0,2.0,345.67345739557015,0.0
631,C1,S2,2,4,Jana,1-2-3-4-5-6-7-8-9-10-1,1.4619138023398277,92.02899999999954,C1_S2,100.0,19,female,0.0,4.0,4.0,2.0,345.6734573955702,1.6444253281431282e-14
632,C1,S2,3,4,Jana,1-10-9-8-7-6-5-4-3-2-1,0.7919570364033209,63.12400000000071,C1_S2,100.0,19,female,0.0,4.0,4.0,2.0,345.67345739557015,0.0
633,C1,S2,4,4,Jana,1-2-3-4-5-6-7-8-9-10-1,0.5198070515227698,70.23300000000017,C1_S2,100.0,19,female,0.0,4.0,4.0,2.0,345.6734573955702,1.6444253281431282e-14
634,C1,S2,5,4,Jana,1-10-9-8-7-6-5-4-3-2-1,1.56537026385605,67.91900000000078,C1_S2,100.0,19,female,0.0,4.0,4.0,2.0,345.67345739557015,0.0
635,C1,S2,6,4,Jana,1-2-3-4-5-6-7-8-9-10-1,0.6537635806556961,63.57300000000032,C1_S2,100.0,19,female,0.0,4.0,4.0,2.0,345.6734573955702,1.6444253281431282e-14
636,C1,S3,1,3,Jana,1-10-9-8-7-6-5-4-3-2-1,0.7498616582467988,171.37199999999984,C1_S3,100.0,19,female,0.0,4.0,4.0,2.0,518.5101860933553,0.0
637,C1,S3,2,3,Jana,1-2-3-4-5-6-7-8-9-10-1,0.0300200152790356,152.53899999999976,C1_S3,100.0,19,female,0.0,4.0,4.0,2.0,518.5101860933553,0.0
638,C1,S3,3,3,Jana,1-2-3-4-5-6-7-8-9-10-1,0.6164651751370683,128.84500000000023,C1_S3,100.0,19,female,0.0,4.0,4.0,2.0,518.5101860933553,0.0
639,C1,S3,4,3,Jana,1-10-9-8-7-6-5-4-3-2-1,0.2710124138860166,173.42000000000007,C1_S3,100.0,19,female,0.0,4.0,4.0,2.0,518.5101860933553,0.0
640,C1,S3,5,3,Jana,1-10-9-8-7-6-5-4-3-2-1,0.0951891909363964,130.85999999999967,C1_S3,100.0,19,female,0.0,4.0,4.0,2.0,518.5101860933553,0.0
641,C1,S3,6,3,Jana,1-10-9-8-7-6-5-4-3-2-1,0.0,139.13500000000022,C1_S3,100.0,19,female,0.0,4.0,4.0,2.0,518.5101860933553,0.0
642,C2,S1,1,10,Jana,1-2-3-6-4-5-7-8-9-10-1,9.166373507821463,80.58999999999969,C2_S1,70.0,19,female,0.0,4.0,4.0,2.0,180.77571423892223,3.9686220378067185
643,C2,S1,2,10,Jana,1-10-9-8-7-6-5-4-3-2-1,0.8058936654236635,86.83500000000004,C2_S1,100.0,19,female,0.0,4.0,4.0,2.0,174.48527981508278,0.35083630912524544
644,C2,S1,3,10,Jana,1-2-5-4-3-6-7-8-9-10-1,1.4850254461877508,57.79599999999982,C2_S1,80.0,19,female,0.0,4.0,4.0,2.0,173.87526226247925,0.0
645,C2,S1,4,10,Jana,1-2-3-4-5-6-7-8-9-10-1,0.8303431131123942,55.76400000000013,C2_S1,100.0,19,female,0.0,4.0,4.0,2.0,174.48527981508272,0.3508363091252128
646,C2,S1,5,10,Jana,1-10-9-8-7-6-3-4-5-2-1,0.0,102.75300000000016,C2_S1,80.0,19,female,0.0,4.0,4.0,2.0,173.87526226247928,1.6346033967442166e-14
647,C2,S1,6,10,Jana,1-10-9-8-7-6-5-4-3-2-1,1.5294096953493237,56.57999999999993,C2_S1,100.0,19,female,0.0,4.0,4.0,2.0,174.48527981508278,0.35083630912524544
648,C2,S2,1,9,Jana,1-2-3-4-5-6-7-8-9-10-1,2.517914384938719,92.54500000000009,C2_S2,100.0,19,female,0.0,4.0,4.0,2.0,348.98039496722794,0.35346109171613277
649,C2,S2,2,9,Jana,1-10-9-8-7-6-5-4-3-2-1,0.5130861911163365,86.20199999999977,C2_S2,100.0,19,female,0.0,4.0,4.0,2.0,348.980394967228,0.35346109171614915
650,C2,S2,3,9,Jana,1-2-3-4-5-6-7-8-9-10-1,0.8872175786378904,79.42599999999993,C2_S2,100.0,19,female,0.0,4.0,4.0,2.0,348.98039496722794,0.35346109171613277
651,C2,S2,4,9,Jana,1-10-9-8-7-6-5-4-3-2-1,0.0,101.32099999999993,C2_S2,100.0,19,female,0.0,4.0,4.0,2.0,348.980394967228,0.35346109171614915
652,C2,S2,5,9,Jana,1-2-3-4-5-6-7-8-9-10-1,0.1152400050676551,79.99099999999999,C2_S2,100.0,19,female,0.0,4.0,4.0,2.0,348.98039496722794,0.35346109171613277
653,C2,S2,6,9,Jana,1-10-9-8-7-6-5-4-3-2-1,1.907069880089515,75.41300000000001,C2_S2,100.0,19,female,0.0,4.0,4.0,2.0,348.980394967228,0.35346109171614915
654,C2,S3,1,8,Jana,1-10-9-8-7-6-3-4-5-2-1,0.0,155.6030000000001,C2_S3,80.0,19,female,0.0,4.0,4.0,2.0,521.64189924275,0.0
655,C2,S3,2,8,Jana,1-2-5-4-3-6-7-8-9-10-1,0.9931943337599822,131.759,C2_S3,80.0,19,female,0.0,4.0,4.0,2.0,521.64189924275,0.0
656,C2,S3,3,8,Jana,1-10-9-8-7-6-3-4-5-2-1,1.0086783896119835,99.55600000000004,C2_S3,80.0,19,female,0.0,4.0,4.0,2.0,521.64189924275,0.0
657,C2,S3,4,8,Jana,1-2-5-4-3-6-7-8-9-10-1,1.128448717153686,109.46299999999997,C2_S3,80.0,19,female,0.0,4.0,4.0,2.0,521.64189924275,0.0
658,C2,S3,5,8,Jana,1-10-9-8-7-6-3-4-5-2-1,0.2417554143159791,99.00599999999986,C2_S3,80.0,19,female,0.0,4.0,4.0,2.0,521.64189924275,0.0
659,C2,S3,6,8,Jana,1-2-5-4-3-6-7-8-9-10-1,0.5995449536422065,132.5250000000001,C2_S3,80.0,19,female,0.0,4.0,4.0,2.0,521.64189924275,0.0
660,C3,S1,1,6,Jana,1-2-3-4-5-6-7-8-9-10-1,0.4928060369275039,47.8381,C3_S1,100.0,19,female,0.0,4.0,4.0,2.0,162.29329169471842,0.0
661,C3,S1,2,6,Jana,1-10-9-8-6-7-5-4-3-2-1,5.241406516368779,49.4366,C3_S1,80.0,19,female,0.0,4.0,4.0,2.0,168.48027569921615,3.81222411591463
662,C3,S1,3,6,Jana,1-2-3-4-5-6-7-8-9-10-1,1.1450666310847193,44.2582000000001,C3_S1,100.0,19,female,0.0,4.0,4.0,2.0,162.29329169471842,0.0
663,C3,S1,4,6,Jana,1-10-9-8-7-6-5-4-3-2-1,0.6650779710417757,55.23110000000008,C3_S1,100.0,19,female,0.0,4.0,4.0,2.0,162.29329169471842,0.0
664,C3,S1,5,6,Jana,1-10-9-8-7-6-5-4-3-2-1,1.864122763540912,47.60499999999991,C3_S1,100.0,19,female,0.0,4.0,4.0,2.0,162.29329169471842,0.0
665,C3,S1,6,6,Jana,1-10-9-8-7-6-5-4-3-2-1,1.4385715403540202,59.07740000000001,C3_S1,100.0,19,female,0.0,4.0,4.0,2.0,162.29329169471842,0.0
666,C3,S2,1,5,Jana,1-2-3-4-5-6-7-8-9-10-1,3.623630854379941,104.9511,C3_S2,100.0,19,female,0.0,4.0,4.0,2.0,324.69632125767396,0.0
667,C3,S2,2,5,Jana,1-10-9-8-6-7-5-4-3-2-1,2.949866544416712,83.7542,C3_S2,80.0,19,female,0.0,4.0,4.0,2.0,337.08522054641577,3.8155342323420327
668,C3,S2,3,5,Jana,1-2-3-4-5-6-7-8-9-10-1,0.1711978862578997,78.1429,C3_S2,100.0,19,female,0.0,4.0,4.0,2.0,324.69632125767396,0.0
669,C3,S2,4,5,Jana,1-10-9-8-6-7-5-4-3-2-1,6.963492196970283,93.4783,C3_S2,80.0,19,female,0.0,4.0,4.0,2.0,337.08522054641577,3.8155342323420327
670,C3,S2,5,5,Jana,1-2-3-4-5-6-7-8-9-10-1,1.2056231795000074,71.3825,C3_S2,100.0,19,female,0.0,4.0,4.0,2.0,324.69632125767396,0.0
671,C3,S2,6,5,Jana,1-2-3-4-5-6-7-8-9-10-1,1.3613112796874247,61.8082,C3_S2,100.0,19,female,0.0,4.0,4.0,2.0,324.69632125767396,0.0
672,C3,S3,1,7,Jana,1-10-9-8-7-6-5-4-3-2-1,2.918893104739621,115.99040000000002,C3_S3,100.0,19,female,0.0,4.0,4.0,2.0,487.04730642825336,2.3342052449757914e-14
673,C3,S3,2,7,Jana,1-2-3-4-5-6-7-8-9-10-1,0.6490468479957571,92.09600000000012,C3_S3,100.0,19,female,0.0,4.0,4.0,2.0,487.04730642825325,0.0
674,C3,S3,3,7,Jana,1-10-9-8-7-6-5-4-3-2-1,0.4653340777687174,92.44600000000014,C3_S3,100.0,19,female,0.0,4.0,4.0,2.0,487.04730642825336,2.3342052449757914e-14
675,C3,S3,4,7,Jana,1-2-3-4-5-6-7-8-9-10-1,0.4838003715153889,97.85799999999996,C3_S3,100.0,19,female,0.0,4.0,4.0,2.0,487.04730642825325,0.0
676,C3,S3,5,7,Jana,1-10-9-8-7-6-5-4-3-2-1,0.8970818091927891,91.24700000000009,C3_S3,100.0,19,female,0.0,4.0,4.0,2.0,487.04730642825336,2.3342052449757914e-14
677,C3,S3,6,7,Jana,1-2-3-4-5-6-7-8-9-10-1,0.0,93.62799999999991,C3_S3,100.0,19,female,0.0,4.0,4.0,2.0,487.04730642825325,0.0
678,C4,S1,1,13,Jana,1-2-3-4-5-6-7-8-9-10-1,3.1404581568925387,45.00799999999981,C4_S1,100.0,19,female,0.0,4.0,4.0,2.0,163.18914552003673,0.0
679,C4,S1,2,13,Jana,1-10-9-8-7-6-5-4-3-2-1,0.9266432498702508,38.67999999999938,C4_S1,100.0,19,female,0.0,4.0,4.0,2.0,163.18914552003673,0.0
680,C4,S1,3,13,Jana,1-2-3-4-5-6-7-8-9-10-1,2.965458971716823,41.89399999999932,C4_S1,100.0,19,female,0.0,4.0,4.0,2.0,163.18914552003673,0.0
681,C4,S1,4,13,Jana,1-10-9-8-7-6-5-4-3-2-1,2.053419880208303,78.27599999999984,C4_S1,100.0,19,female,0.0,4.0,4.0,2.0,163.18914552003673,0.0
682,C4,S1,5,13,Jana,1-2-3-4-5-6-7-8-9-10-1,2.2418323267119384,45.172999999999774,C4_S1,100.0,19,female,0.0,4.0,4.0,2.0,163.18914552003673,0.0
683,C4,S1,6,13,Jana,1-10-9-8-7-6-5-4-3-2-1,0.0,38.36400000000049,C4_S1,100.0,19,female,0.0,4.0,4.0,2.0,163.18914552003673,0.0
684,C4,S2,1,12,Jana,1-2-3-4-5-6-7-8-9-10-1,1.1879329009513024,66.82000000000016,C4_S2,100.0,19,female,0.0,4.0,4.0,2.0,326.40793991257743,0.0
685,C4,S2,2,12,Jana,1-10-9-8-7-6-5-4-3-2-1,0.773856081496398,56.8130000000001,C4_S2,100.0,19,female,0.0,4.0,4.0,2.0,326.4079399125775,1.741483950299509e-14
686,C4,S2,3,12,Jana,1-2-3-4-5-6-7-8-9-10-1,2.6361664997359147,63.82299999999941,C4_S2,100.0,19,female,0.0,4.0,4.0,2.0,326.40793991257743,0.0
687,C4,S2,4,12,Jana,1-10-9-8-7-6-5-4-3-2-1,2.2593593753524868,55.59800000000087,C4_S2,100.0,19,female,0.0,4.0,4.0,2.0,326.4079399125775,1.741483950299509e-14
688,C4,S2,5,12,Jana,1-2-3-4-5-6-7-8-9-10-1,1.2167659237553492,66.02099999999973,C4_S2,100.0,19,female,0.0,4.0,4.0,2.0,326.40793991257743,0.0
689,C4,S2,6,12,Jana,1-10-9-8-7-6-5-4-3-2-1,0.0,57.29600000000028,C4_S2,100.0,19,female,0.0,4.0,4.0,2.0,326.4079399125775,1.741483950299509e-14
690,C4,S3,1,11,Jana,1-10-9-8-6-5-4-3-2-7-1,43.19240231693124,172.80399999999963,C4_S3,70.0,19,female,0.0,4.0,4.0,2.0,675.6976172463992,38.009115034244395
691,C4,S3,2,11,Jana,1-2-3-4-5-6-7-8-9-10-1,0.7799544404090977,113.10899999999992,C4_S3,100.0,19,female,0.0,4.0,4.0,2.0,489.6036157312779,0.0
692,C4,S3,3,11,Jana,1-10-9-7-8-6-5-4-3-2-1,9.081121197208482,155.63599999999997,C4_S3,80.0,19,female,0.0,4.0,4.0,2.0,509.9410079226358,4.153848447581765
693,C4,S3,4,11,Jana,1-2-3-4-5-6-7-8-9-10-1,0.4890896598395708,117.55600000000004,C4_S3,100.0,19,female,0.0,4.0,4.0,2.0,489.6036157312779,0.0
694,C4,S3,5,11,Jana,1-2-3-4-8-5-6-7-9-10-1,9.496656915566229,105.85100000000013,C4_S3,70.0,19,female,0.0,4.0,4.0,2.0,530.2858778932997,8.30922420808888
695,C4,S3,6,11,Jana,1-2-3-4-5-6-7-8-9-10-1,0.6283784593067849,126.43100000000004,C4_S3,100.0,19,female,0.0,4.0,4.0,2.0,489.6036157312779,0.0
696,demo,session,1,0,Jana,1-6-5-4-3-2-1,9.405714740422937,145.779,demo_session,66.66666666666667,19,female,0.0,4.0,4.0,2.0,151.94837931338816,0.0
697,demo,session,2,0,Jana,1-6-5-4-3-2-1,4.372989927256098,94.87699999999997,demo_session,66.66666666666667,19,female,0.0,4.0,4.0,2.0,151.94837931338816,0.0
698,demo,session,3,0,Jana,1-2-3-4-5-6-1,1.806926917899505,61.89100000000008,demo_session,66.66666666666667,19,female,0.0,4.0,4.0,2.0,151.94837931338816,0.0
699,demo,session,4,0,Jana,1-2-3-4-5-6-1,1.891673242574749,70.0010000000002,demo_session,66.66666666666667,19,female,0.0,4.0,4.0,2.0,151.94837931338816,0.0
700,demo,session,5,0,Jana,1-6-5-4-3-2-1,1.9404786376928824,59.64399999999978,demo_session,66.66666666666667,19,female,0.0,4.0,4.0,2.0,151.94837931338816,0.0
701,demo,session,6,0,Jana,1-2-3-4-5-6-1,0.0,73.91399999999976,demo_session,66.66666666666667,19,female,0.0,4.0,4.0,2.0,151.94837931338816,0.0
702,C1,S1,1,10,Lama,1-2-3-4-5-6-7-8-9-10-1,2.4579747685233384,107.4989999999998,C1_S1,100.0,23,female,4.0,4.0,4.0,2.0,172.8367286977851,1.6444253281431282e-14
703,C1,S1,2,10,Lama,1-10-9-8-7-6-5-4-3-2-1,1.553455737977622,63.33899999999994,C1_S1,100.0,23,female,4.0,4.0,4.0,2.0,172.83672869778508,0.0
704,C1,S1,3,10,Lama,1-2-3-4-5-6-7-8-9-10-1,1.98893189521244,80.75700000000006,C1_S1,100.0,23,female,4.0,4.0,4.0,2.0,172.8367286977851,1.6444253281431282e-14
705,C1,S1,4,10,Lama,1-10-9-8-7-6-5-4-3-2-1,2.2623372534108963,84.6869999999999,C1_S1,100.0,23,female,4.0,4.0,4.0,2.0,172.83672869778508,0.0
706,C1,S1,5,10,Lama,1-2-3-4-5-6-7-8-9-10-1,0.0,101.154,C1_S1,100.0,23,female,4.0,4.0,4.0,2.0,172.8367286977851,1.6444253281431282e-14
707,C1,S1,6,10,Lama,1-10-9-8-7-6-5-4-3-2-1,1.706733839705571,82.42200000000003,C1_S1,100.0,23,female,4.0,4.0,4.0,2.0,172.83672869778508,0.0
708,C1,S2,1,9,Lama,1-10-9-8-7-6-5-4-3-2-1,2.412271726407293,179.93000000000006,C1_S2,100.0,23,female,4.0,4.0,4.0,2.0,345.67345739557015,0.0
709,C1,S2,2,9,Lama,1-2-3-4-5-6-7-8-9-10-1,2.052927549993027,144.98000000000002,C1_S2,100.0,23,female,4.0,4.0,4.0,2.0,345.6734573955702,1.6444253281431282e-14
710,C1,S2,3,9,Lama,1-10-9-8-7-6-5-4-3-2-1,0.0,123.29999999999995,C1_S2,100.0,23,female,4.0,4.0,4.0,2.0,345.67345739557015,0.0
711,C1,S2,4,9,Lama,1-2-3-4-5-6-7-8-9-10-1,1.7600322275479965,123.81600000000026,C1_S2,100.0,23,female,4.0,4.0,4.0,2.0,345.6734573955702,1.6444253281431282e-14
712,C1,S2,5,9,Lama,1-10-9-8-7-6-5-4-3-2-1,0.5574921448275084,115.308,C1_S2,100.0,23,female,4.0,4.0,4.0,2.0,345.67345739557015,0.0
713,C1,S2,6,9,Lama,1-2-3-4-5-6-7-8-9-10-1,1.2318033043760896,151.42299999999975,C1_S2,100.0,23,female,4.0,4.0,4.0,2.0,345.6734573955702,1.6444253281431282e-14
714,C1,S3,1,8,Lama,1-2-3-4-5-6-7-8-9-10-1,0.8063391840396531,192.8177000000001,C1_S3,100.0,23,female,4.0,4.0,4.0,2.0,518.5101860933553,0.0
715,C1,S3,2,8,Lama,1-10-9-8-7-6-5-4-3-2-1,1.048419324296841,135.77150000000006,C1_S3,100.0,23,female,4.0,4.0,4.0,2.0,518.5101860933553,0.0
716,C1,S3,3,8,Lama,1-2-3-4-5-6-7-8-9-10-1,0.5076993506202788,129.74400000000003,C1_S3,100.0,23,female,4.0,4.0,4.0,2.0,518.5101860933553,0.0
717,C1,S3,4,8,Lama,1-10-9-8-7-6-5-4-3-2-1,0.0,131.49299999999994,C1_S3,100.0,23,female,4.0,4.0,4.0,2.0,518.5101860933553,0.0
718,C1,S3,5,8,Lama,1-2-3-4-5-6-7-8-9-10-1,0.5573950974748385,144.06299999999987,C1_S3,100.0,23,female,4.0,4.0,4.0,2.0,518.5101860933553,0.0
719,C1,S3,6,8,Lama,1-10-9-8-7-6-5-4-3-2-1,0.7891405389128702,124.28300000000011,C1_S3,100.0,23,female,4.0,4.0,4.0,2.0,518.5101860933553,0.0
720,C2,S1,1,11,Lama,1-10-9-8-7-6-3-5-4-2-1,1.0720750488449584,62.287499999999966,C2_S1,70.0,23,female,4.0,4.0,4.0,2.0,174.0811416276921,0.11840635783027323
721,C2,S1,2,11,Lama,1-2-5-4-3-6-7-8-9-10-1,1.378613090449374,37.63229999999999,C2_S1,80.0,23,female,4.0,4.0,4.0,2.0,173.87526226247925,0.0
722,C2,S1,3,11,Lama,1-2-5-4-3-6-7-8-9-10-1,2.419501589855573,31.36860000000001,C2_S1,80.0,23,female,4.0,4.0,4.0,2.0,173.87526226247925,0.0
723,C2,S1,4,11,Lama,1-2-5-4-3-6-7-8-9-10-1,3.393108550741291,28.28679999999997,C2_S1,80.0,23,female,4.0,4.0,4.0,2.0,173.87526226247925,0.0
724,C2,S1,5,11,Lama,1-2-5-4-3-6-7-8-9-10-1,0.0,38.782100000000014,C2_S1,80.0,23,female,4.0,4.0,4.0,2.0,173.87526226247925,0.0
725,C2,S1,6,11,Lama,1-2-5-4-3-6-7-8-9-10-1,8.118619028464153,30.56899999999996,C2_S1,80.0,23,female,4.0,4.0,4.0,2.0,173.87526226247925,0.0
726,C2,S2,1,12,Lama,1-2-4-5-3-6-7-8-9-10-1,0.8304481104890716,85.09336,C2_S2,70.0,23,female,4.0,4.0,4.0,2.0,348.1677821550608,0.11978461760903894
727,C2,S2,2,12,Lama,1-10-9-8-7-6-5-4-3-2-1,0.498373916126461,80.67889,C2_S2,100.0,23,female,4.0,4.0,4.0,2.0,348.980394967228,0.35346109171614915
728,C2,S2,3,12,Lama,1-2-5-4-3-6-7-8-9-10-1,0.0,91.1072,C2_S2,80.0,23,female,4.0,4.0,4.0,2.0,347.75122967436465,0.0
729,C2,S2,4,12,Lama,1-10-9-8-7-6-3-4-5-2-1,0.4689016018640498,64.33639999999997,C2_S2,80.0,23,female,4.0,4.0,4.0,2.0,347.7512296743647,1.6346000821919843e-14
730,C2,S2,5,12,Lama,1-2-4-5-3-6-7-8-9-10-1,0.781891743229033,63.92010000000005,C2_S2,70.0,23,female,4.0,4.0,4.0,2.0,348.1677821550608,0.11978461760903894
731,C2,S2,6,12,Lama,1-2-4-5-3-6-7-8-9-10-1,1.262669812325547,56.87329999999997,C2_S2,70.0,23,female,4.0,4.0,4.0,2.0,348.1677821550608,0.11978461760903894
732,C2,S3,1,13,Lama,1-2-5-4-3-6-7-8-9-10-1,0.0049381520474364,108.98220000000003,C2_S3,80.0,23,female,4.0,4.0,4.0,2.0,521.64189924275,0.0
733,C2,S3,2,13,Lama,1-10-9-8-7-6-3-5-4-2-1,0.2756334284840432,80.47899999999993,C2_S3,70.0,23,female,4.0,4.0,4.0,2.0,522.2552452432394,0.11757989559116594
734,C2,S3,3,13,Lama,1-2-4-5-3-6-7-8-9-10-1,1.7432829603395403,80.16249999999991,C2_S3,70.0,23,female,4.0,4.0,4.0,2.0,522.2552452432394,0.11757989559116594
735,C2,S3,4,13,Lama,1-2-4-5-6-3-7-8-9-10-1,3.0542950778345057,79.77969999999993,C2_S3,70.0,23,female,4.0,4.0,4.0,2.0,531.4478288747725,1.879820169019679
736,C2,S3,5,13,Lama,1-10-9-8-7-6-5-4-3-2-1,1.3051132354772348,81.66200000000003,C2_S3,100.0,23,female,4.0,4.0,4.0,2.0,523.4700442506888,0.3504597714625055
737,C2,S3,6,13,Lama,1-2-3-4-5-6-7-8-9-10-1,0.0,87.42599999999993,C2_S3,100.0,23,female,4.0,4.0,4.0,2.0,523.4700442506889,0.3504597714625273
738,C3,S1,1,4,Lama,1-2-3-4-5-6-7-8-9-10-1,0.0,56.74700000000007,C3_S1,100.0,23,female,4.0,4.0,4.0,2.0,162.29329169471842,0.0
739,C3,S1,2,4,Lama,1-2-3-4-5-6-7-8-9-10-1,1.3274714693408172,46.24000000000001,C3_S1,100.0,23,female,4.0,4.0,4.0,2.0,162.29329169471842,0.0
740,C3,S1,3,4,Lama,1-10-9-8-6-7-5-4-3-2-1,9.05645317107626,44.608000000000175,C3_S1,80.0,23,female,4.0,4.0,4.0,2.0,168.48027569921615,3.81222411591463
741,C3,S1,4,4,Lama,1-2-3-4-5-6-7-8-9-10-1,1.9913655756969075,43.94199999999978,C3_S1,100.0,23,female,4.0,4.0,4.0,2.0,162.29329169471842,0.0
742,C3,S1,5,4,Lama,1-2-3-4-5-6-8-9-7-10-1,42.82212009008181,55.88000000000011,C3_S1,70.0,23,female,4.0,4.0,4.0,2.0,211.94884007428502,30.59618044655296
743,C3,S1,6,4,Lama,1-2-3-4-5-6-7-8-9-10-1,2.313430235688732,44.625,C3_S1,100.0,23,female,4.0,4.0,4.0,2.0,162.29329169471842,0.0
744,C3,S2,1,2,Lama,1-2-3-4-5-6-7-8-9-10-1,0.0418484622907767,131.34250000000003,C3_S2,100.0,23,female,4.0,4.0,4.0,2.0,324.69632125767396,0.0
745,C3,S2,2,2,Lama,1-10-9-8-6-7-5-4-2-3-1,10.127834328354863,101.038,C3_S2,60.0,23,female,4.0,4.0,4.0,2.0,357.8866008424799,10.221945064313381
746,C3,S2,3,2,Lama,1-2-3-4-5-6-7-8-9-10-1,1.6638976408084107,86.96769999999992,C3_S2,100.0,23,female,4.0,4.0,4.0,2.0,324.69632125767396,0.0
747,C3,S2,4,2,Lama,1-4-3-2-5-6-7-8-9-10-1,24.142230668522064,105.55039999999995,C3_S2,80.0,23,female,4.0,4.0,4.0,2.0,369.6325635064703,13.839467621542795
748,C3,S2,5,2,Lama,1-2-3-4-5-6-7-8-9-10-1,0.2930219741620939,153.08860000000004,C3_S2,100.0,23,female,4.0,4.0,4.0,2.0,324.69632125767396,0.0
749,C3,S2,6,2,Lama,1-2-3-4-5-6-7-8-9-10-1,1.8350681946991,105.71709999999985,C3_S2,100.0,23,female,4.0,4.0,4.0,2.0,324.69632125767396,0.0
750,C3,S3,1,3,Lama,1-2-3-4-5-6-7-8-9-10-1,0.5300667997432991,137.98599999999988,C3_S3,100.0,23,female,4.0,4.0,4.0,2.0,487.04730642825325,0.0
751,C3,S3,2,3,Lama,1-10-9-8-7-5-4-3-2-6-1,48.69718899547826,183.1110000000001,C3_S3,70.0,23,female,4.0,4.0,4.0,2.0,625.3201042328537,28.39001386099841
752,C3,S3,3,3,Lama,1-2-3-4-5-6-7-8-9-10-1,3.012635475401192,130.99199999999996,C3_S3,100.0,23,female,4.0,4.0,4.0,2.0,487.04730642825325,0.0
753,C3,S3,4,3,Lama,1-2-3-4-5-7-6-8-9-10-1,3.564806066031713,143.33100000000013,C3_S3,80.0,23,female,4.0,4.0,4.0,2.0,505.62927303692754,3.8152282875650387
754,C3,S3,5,3,Lama,1-2-3-4-5-6-7-8-9-10-1,1.8811461122798392,114.52600000000008,C3_S3,100.0,23,female,4.0,4.0,4.0,2.0,487.04730642825325,0.0
755,C3,S3,6,3,Lama,1-2-3-4-5-6-7-8-9-10-1,1.8729461693863665,109.8130000000001,C3_S3,100.0,23,female,4.0,4.0,4.0,2.0,487.04730642825325,0.0
756,C4,S1,1,6,Lama,1-2-3-4-5-6-7-9-10-8-1,30.44885882980994,64.85500000000002,C4_S1,70.0,23,female,4.0,4.0,4.0,2.0,205.54588322611113,25.95560971356011
757,C4,S1,2,6,Lama,1-2-3-4-5-6-8-7-9-10-1,4.795829564438353,47.521999999999935,C4_S1,80.0,23,female,4.0,4.0,4.0,2.0,169.95774926640968,4.147704631213895
758,C4,S1,3,6,Lama,1-2-3-4-5-6-8-7-9-10-1,5.939924801265837,54.7819999999997,C4_S1,80.0,23,female,4.0,4.0,4.0,2.0,169.95774926640968,4.147704631213895
759,C4,S1,4,6,Lama,1-2-3-4-5-6-7-8-9-10-1,1.8824920802006164,178.88099999999986,C4_S1,100.0,23,female,4.0,4.0,4.0,2.0,163.18914552003673,0.0
760,C4,S1,5,6,Lama,1-2-3-4-5-6-7-8-9-10-1,1.674089257463079,35.56700000000001,C4_S1,100.0,23,female,4.0,4.0,4.0,2.0,163.18914552003673,0.0
761,C4,S1,6,6,Lama,1-10-9-8-7-6-5-4-3-2-1,4.972581707815866,53.38299999999981,C4_S1,100.0,23,female,4.0,4.0,4.0,2.0,163.18914552003673,0.0
762,C4,S2,1,5,Lama,1-2-3-4-5-6-7-8-9-10-1,0.6265133927741919,107.79799999999976,C4_S2,100.0,23,female,4.0,4.0,4.0,2.0,326.40793991257743,0.0
763,C4,S2,2,5,Lama,1-10-9-8-7-6-5-4-3-2-1,3.016827263718343,95.14399999999978,C4_S2,100.0,23,female,4.0,4.0,4.0,2.0,326.4079399125775,1.741483950299509e-14
764,C4,S2,3,5,Lama,1-2-3-4-5-6-7-8-9-10-1,0.2479069188889457,83.1210000000001,C4_S2,100.0,23,female,4.0,4.0,4.0,2.0,326.40793991257743,0.0
765,C4,S2,4,5,Lama,1-2-3-4-5-6-7-8-9-10-1,1.1933492602806417,86.88500000000022,C4_S2,100.0,23,female,4.0,4.0,4.0,2.0,326.40793991257743,0.0
766,C4,S2,5,5,Lama,1-10-9-8-6-5-4-3-2-7-1,41.68614003572584,115.1579999999999,C4_S2,70.0,23,female,4.0,4.0,4.0,2.0,450.45394760327963,38.00336711292186
767,C4,S2,6,5,Lama,1-2-3-4-5-6-7-8-9-10-1,1.927551279735567,91.01399999999968,C4_S2,100.0,23,female,4.0,4.0,4.0,2.0,326.40793991257743,0.0
768,C4,S3,1,7,Lama,1-2-3-4-5-6-7-9-10-8-1,28.986025157132296,218.261,C4_S3,70.0,23,female,4.0,4.0,4.0,2.0,616.6810608573442,25.955168843322745
769,C4,S3,2,7,Lama,1-2-3-4-5-6-7-8-9-10-1,2.913596832977504,146.1790000000001,C4_S3,100.0,23,female,4.0,4.0,4.0,2.0,489.6036157312779,0.0
770,C4,S3,3,7,Lama,1-10-9-7-8-6-5-4-3-2-1,5.105722626416557,123.5329999999999,C4_S3,80.0,23,female,4.0,4.0,4.0,2.0,509.9410079226358,4.153848447581765
771,C4,S3,4,7,Lama,1-2-3-4-5-6-7-8-9-10-1,4.586099739840609,135.37199999999984,C4_S3,100.0,23,female,4.0,4.0,4.0,2.0,489.6036157312779,0.0
772,C4,S3,5,7,Lama,1-2-3-4-5-6-7-8-9-10-1,0.0,123.0010000000002,C4_S3,100.0,23,female,4.0,4.0,4.0,2.0,489.6036157312779,0.0
773,C4,S3,6,7,Lama,1-10-9-8-7-6-5-4-3-2-1,1.986020449661684,113.85899999999992,C4_S3,100.0,23,female,4.0,4.0,4.0,2.0,489.6036157312779,0.0
774,demo,session,1,0,Lama,1-2-3-4-6-5-1,28.46772486913772,84.47015,demo_session,100.0,23,female,4.0,4.0,4.0,2.0,176.64704071150692,16.254639575443345
775,demo,session,2,0,Lama,1-2-3-4-5-6-1,7.622088602482453,37.04829,demo_session,66.66666666666667,23,female,4.0,4.0,4.0,2.0,151.94837931338816,0.0
776,demo,session,3,0,Lama,1-2-3-4-5-6-1,2.0498027636454785,57.84530000000001,demo_session,66.66666666666667,23,female,4.0,4.0,4.0,2.0,151.94837931338816,0.0
777,demo,session,4,0,Lama,1-2-3-4-5-6-1,0.2586202868054822,51.8177,demo_session,66.66666666666667,23,female,4.0,4.0,4.0,2.0,151.94837931338816,0.0
778,demo,session,5,0,Lama,1-2-3-4-5-6-1,0.1092160013458228,56.6465,demo_session,66.66666666666667,23,female,4.0,4.0,4.0,2.0,151.94837931338816,0.0
779,demo,session,6,0,Lama,1-2-3-4-5-6-1,0.0,60.625999999999976,demo_session,66.66666666666667,23,female,4.0,4.0,4.0,2.0,151.94837931338816,0.0
780,C1,S1,1,3,Lars,1-2-3-4-5-6-7-8-9-10-1,0.0,140.25889999999993,C1_S1,100.0,29,male,5.0,5.0,4.0,1.0,172.8367286977851,1.6444253281431282e-14
781,C1,S1,2,3,Lars,1-2-3-4-5-6-7-8-9-10-1,1.226584088475247,122.00800000000004,C1_S1,100.0,29,male,5.0,5.0,4.0,1.0,172.8367286977851,1.6444253281431282e-14
782,C1,S1,3,3,Lars,1-2-3-4-5-6-7-8-9-10-1,0.8529307972125098,113.66999999999985,C1_S1,100.0,29,male,5.0,5.0,4.0,1.0,172.8367286977851,1.6444253281431282e-14
783,C1,S1,4,3,Lars,1-2-3-4-5-6-7-8-9-10-1,0.0399296164192603,118.36999999999988,C1_S1,100.0,29,male,5.0,5.0,4.0,1.0,172.8367286977851,1.6444253281431282e-14
784,C1,S1,5,3,Lars,1-2-3-4-5-6-7-8-9-10-1,0.6183595643642208,70.32100000000014,C1_S1,100.0,29,male,5.0,5.0,4.0,1.0,172.8367286977851,1.6444253281431282e-14
785,C1,S1,6,3,Lars,1-2-3-4-5-6-7-8-9-10-1,0.5516880947467593,76.56100000000015,C1_S1,100.0,29,male,5.0,5.0,4.0,1.0,172.8367286977851,1.6444253281431282e-14
786,C1,S2,1,2,Lars,1-2-3-4-5-6-7-8-9-10-1,2.0317842357647407,108.0599,C1_S2,100.0,29,male,5.0,5.0,4.0,1.0,345.6734573955702,1.6444253281431282e-14
787,C1,S2,2,2,Lars,1-2-3-4-5-6-7-8-9-10-1,0.9134643071510388,96.8485,C1_S2,100.0,29,male,5.0,5.0,4.0,1.0,345.6734573955702,1.6444253281431282e-14
788,C1,S2,3,2,Lars,1-2-3-4-5-6-7-8-9-10-1,0.4792630065954014,116.85220000000004,C1_S2,100.0,29,male,5.0,5.0,4.0,1.0,345.6734573955702,1.6444253281431282e-14
789,C1,S2,4,2,Lars,1-2-3-4-5-6-7-8-9-10-1,0.0,127.7966,C1_S2,100.0,29,male,5.0,5.0,4.0,1.0,345.6734573955702,1.6444253281431282e-14
790,C1,S2,5,2,Lars,1-10-9-8-7-6-5-4-3-2-1,1.095759390675496,100.45209999999996,C1_S2,100.0,29,male,5.0,5.0,4.0,1.0,345.67345739557015,0.0
791,C1,S2,6,2,Lars,1-2-3-4-5-6-7-8-9-10-1,0.1949408587371919,153.72299999999996,C1_S2,100.0,29,male,5.0,5.0,4.0,1.0,345.6734573955702,1.6444253281431282e-14
792,C1,S3,1,4,Lars,1-2-3-4-5-6-7-8-9-10-1,0.034895026088047,151.87400000000002,C1_S3,100.0,29,male,5.0,5.0,4.0,1.0,518.5101860933553,0.0
793,C1,S3,2,4,Lars,1-2-3-4-5-6-7-8-9-10-1,0.3303278311331347,158.3610000000001,C1_S3,100.0,29,male,5.0,5.0,4.0,1.0,518.5101860933553,0.0
794,C1,S3,3,4,Lars,1-2-3-4-5-6-7-8-9-10-1,0.0,168.57100000000014,C1_S3,100.0,29,male,5.0,5.0,4.0,1.0,518.5101860933553,0.0
795,C1,S3,4,4,Lars,1-2-3-4-5-6-7-8-9-10-1,0.2377639768580472,150.30299999999988,C1_S3,100.0,29,male,5.0,5.0,4.0,1.0,518.5101860933553,0.0
796,C1,S3,5,4,Lars,1-2-3-4-5-6-7-8-9-10-1,0.1031968504399547,174.07699999999977,C1_S3,100.0,29,male,5.0,5.0,4.0,1.0,518.5101860933553,0.0
797,C1,S3,6,4,Lars,1-2-3-4-5-6-7-8-9-10-1,0.2903610812758304,192.82700000000025,C1_S3,100.0,29,male,5.0,5.0,4.0,1.0,518.5101860933553,0.0
798,C2,S1,1,8,Lars,1-2-3-4-5-6-7-8-9-10-1,0.0,171.65700000000015,C2_S1,100.0,29,male,5.0,5.0,4.0,1.0,174.48527981508272,0.3508363091252128
799,C2,S1,2,8,Lars,1-2-3-4-5-6-7-8-9-10-1,0.8244236844209885,89.57700000000023,C2_S1,100.0,29,male,5.0,5.0,4.0,1.0,174.48527981508272,0.3508363091252128
800,C2,S1,3,8,Lars,1-2-5-4-3-6-7-8-9-10-1,1.101647472808709,96.82300000000032,C2_S1,80.0,29,male,5.0,5.0,4.0,1.0,173.87526226247925,0.0
801,C2,S1,4,8,Lars,1-2-5-4-3-6-7-8-9-10-1,1.410611104446577,53.38700000000063,C2_S1,80.0,29,male,5.0,5.0,4.0,1.0,173.87526226247925,0.0
802,C2,S1,5,8,Lars,1-2-3-5-4-6-7-8-9-10-1,4.107060740563015,44.97900000000027,C2_S1,80.0,29,male,5.0,5.0,4.0,1.0,178.61371461611418,2.7252021316763484
803,C2,S1,6,8,Lars,1-2-4-3-6-5-7-8-9-10-1,3.557923964331417,46.04700000000048,C2_S1,70.0,29,male,5.0,5.0,4.0,1.0,180.03835778534702,3.5445499507365543
804,C2,S2,1,9,Lars,1-2-3-4-6-5-7-8-9-10-1,4.415990159828728,127.07899999999972,C2_S2,80.0,29,male,5.0,5.0,4.0,1.0,369.13579042221187,6.149384652894481
805,C2,S2,2,9,Lars,1-2-5-4-3-6-7-8-9-10-1,0.0893187512201808,113.616,C2_S2,80.0,29,male,5.0,5.0,4.0,1.0,347.75122967436465,0.0
806,C2,S2,3,9,Lars,1-2-3-4-6-5-7-8-9-10-1,4.602418982856435,67.7519999999995,C2_S2,80.0,29,male,5.0,5.0,4.0,1.0,369.13579042221187,6.149384652894481
807,C2,S2,4,9,Lars,1-2-5-4-3-6-7-8-9-10-1,0.0,90.45800000000054,C2_S2,80.0,29,male,5.0,5.0,4.0,1.0,347.75122967436465,0.0
808,C2,S2,5,9,Lars,1-2-5-4-3-6-7-8-9-10-1,0.146435352332111,77.04500000000007,C2_S2,80.0,29,male,5.0,5.0,4.0,1.0,347.75122967436465,0.0
809,C2,S2,6,9,Lars,1-2-5-4-3-6-7-8-9-10-1,0.4379433165133604,67.21799999999985,C2_S2,80.0,29,male,5.0,5.0,4.0,1.0,347.75122967436465,0.0
810,C2,S3,1,10,Lars,1-2-5-4-3-6-7-8-9-10-1,0.4200309102283935,96.0351,C2_S3,80.0,29,male,5.0,5.0,4.0,1.0,521.64189924275,0.0
811,C2,S3,2,10,Lars,1-2-5-4-3-6-7-8-9-10-1,0.0273302412648542,94.0122,C2_S3,80.0,29,male,5.0,5.0,4.0,1.0,521.64189924275,0.0
812,C2,S3,3,10,Lars,1-2-4-5-3-6-7-8-9-10-1,0.0,145.41449999999998,C2_S3,70.0,29,male,5.0,5.0,4.0,1.0,522.2552452432394,0.11757989559116594
813,C2,S3,4,10,Lars,1-2-4-5-3-6-7-8-9-10-1,0.380584392706939,122.59130000000005,C2_S3,70.0,29,male,5.0,5.0,4.0,1.0,522.2552452432394,0.11757989559116594
814,C2,S3,5,10,Lars,1-2-4-5-3-6-7-8-9-10-1,0.2583629263904803,87.35540000000003,C2_S3,70.0,29,male,5.0,5.0,4.0,1.0,522.2552452432394,0.11757989559116594
815,C2,S3,6,10,Lars,1-2-4-5-3-6-7-8-9-10-1,0.1643147432143455,91.32619999999996,C2_S3,70.0,29,male,5.0,5.0,4.0,1.0,522.2552452432394,0.11757989559116594
816,C3,S1,1,12,Lars,1-2-3-4-5-6-7-8-9-10-1,0.3090984508381427,58.375999999999976,C3_S1,100.0,29,male,5.0,5.0,4.0,1.0,162.29329169471842,0.0
817,C3,S1,2,12,Lars,1-10-9-8-7-6-5-4-3-2-1,0.8489886642058538,32.31600000000003,C3_S1,100.0,29,male,5.0,5.0,4.0,1.0,162.29329169471842,0.0
818,C3,S1,3,12,Lars,1-2-3-4-5-6-7-8-9-10-1,0.1861667794850861,56.84099999999989,C3_S1,100.0,29,male,5.0,5.0,4.0,1.0,162.29329169471842,0.0
819,C3,S1,4,12,Lars,1-10-9-8-7-6-5-4-3-2-1,0.9571763984296742,34.48500000000013,C3_S1,100.0,29,male,5.0,5.0,4.0,1.0,162.29329169471842,0.0
820,C3,S1,5,12,Lars,1-10-9-8-7-6-5-4-3-2-1,0.3649288261008401,34.41899999999987,C3_S1,100.0,29,male,5.0,5.0,4.0,1.0,162.29329169471842,0.0
821,C3,S1,6,12,Lars,1-10-9-8-7-6-5-4-3-2-1,0.0,46.93100000000004,C3_S1,100.0,29,male,5.0,5.0,4.0,1.0,162.29329169471842,0.0
822,C3,S2,1,13,Lars,1-2-3-4-5-6-7-8-9-10-1,0.7770934001361023,78.96399999999994,C3_S2,100.0,29,male,5.0,5.0,4.0,1.0,324.69632125767396,0.0
823,C3,S2,2,13,Lars,1-2-3-4-5-6-7-8-9-10-1,0.0,58.64300000000003,C3_S2,100.0,29,male,5.0,5.0,4.0,1.0,324.69632125767396,0.0
824,C3,S2,3,13,Lars,1-2-3-4-5-6-7-8-9-10-1,0.1309868533655437,101.21900000000004,C3_S2,100.0,29,male,5.0,5.0,4.0,1.0,324.69632125767396,0.0
825,C3,S2,4,13,Lars,1-2-3-4-5-6-7-8-9-10-1,0.093643692260593,65.0329999999999,C3_S2,100.0,29,male,5.0,5.0,4.0,1.0,324.69632125767396,0.0
826,C3,S2,5,13,Lars,1-2-3-4-5-6-7-8-9-10-1,0.0935801834832016,58.125,C3_S2,100.0,29,male,5.0,5.0,4.0,1.0,324.69632125767396,0.0
827,C3,S2,6,13,Lars,1-2-3-4-5-6-7-8-9-10-1,0.3460593279945637,55.8570000000002,C3_S2,100.0,29,male,5.0,5.0,4.0,1.0,324.69632125767396,0.0
828,C3,S3,1,11,Lars,1-10-9-8-7-6-5-4-3-2-1,0.1602736949276887,117.98659999999995,C3_S3,100.0,29,male,5.0,5.0,4.0,1.0,487.04730642825336,2.3342052449757914e-14
829,C3,S3,2,11,Lars,1-2-3-4-5-6-7-8-9-10-1,0.3520859291950396,104.45619999999997,C3_S3,100.0,29,male,5.0,5.0,4.0,1.0,487.04730642825325,0.0
830,C3,S3,3,11,Lars,1-10-9-8-7-6-5-4-3-2-1,0.4323906464624213,81.8999,C3_S3,100.0,29,male,5.0,5.0,4.0,1.0,487.04730642825336,2.3342052449757914e-14
831,C3,S3,4,11,Lars,1-2-3-4-5-6-7-8-9-10-1,0.0,87.87270000000001,C3_S3,100.0,29,male,5.0,5.0,4.0,1.0,487.04730642825325,0.0
832,C3,S3,5,11,Lars,1-10-9-8-6-7-5-4-3-2-1,3.667976191025763,102.654,C3_S3,80.0,29,male,5.0,5.0,4.0,1.0,505.62927303692754,3.8152282875650387
833,C3,S3,6,11,Lars,1-10-9-8-7-6-5-4-3-2-1,0.4792892728257867,79.19699999999989,C3_S3,100.0,29,male,5.0,5.0,4.0,1.0,487.04730642825336,2.3342052449757914e-14
834,C4,S1,1,7,Lars,1-2-3-4-5-6-8-7-9-10-1,4.031299851840498,118.13699999999972,C4_S1,80.0,29,male,5.0,5.0,4.0,1.0,169.95774926640968,4.147704631213895
835,C4,S1,2,7,Lars,1-2-3-4-5-8-6-7-9-10-1,6.483663465134947,61.44699999999921,C4_S1,70.0,29,male,5.0,5.0,4.0,1.0,173.66749328546774,6.420983290303739
836,C4,S1,3,7,Lars,1-2-3-4-5-8-6-7-9-10-1,7.132604739253821,57.95899999999983,C4_S1,70.0,29,male,5.0,5.0,4.0,1.0,173.66749328546774,6.420983290303739
837,C4,S1,4,7,Lars,1-2-3-4-5-6-8-7-9-10-1,4.061367904765561,65.36599999999999,C4_S1,80.0,29,male,5.0,5.0,4.0,1.0,169.95774926640968,4.147704631213895
838,C4,S1,5,7,Lars,1-2-3-4-5-6-7-8-9-10-1,1.4293889775143904,72.15700000000015,C4_S1,100.0,29,male,5.0,5.0,4.0,1.0,163.18914552003673,0.0
839,C4,S1,6,7,Lars,1-2-3-4-5-6-7-8-9-10-1,0.0,39.422999999999774,C4_S1,100.0,29,male,5.0,5.0,4.0,1.0,163.18914552003673,0.0
840,C4,S2,1,5,Lars,1-2-3-4-5-6-7-8-9-10-1,0.3636597473097311,161.84799999999996,C4_S2,100.0,29,male,5.0,5.0,4.0,1.0,326.40793991257743,0.0
841,C4,S2,2,5,Lars,1-2-3-4-5-6-7-8-9-10-1,0.6803223829103159,117.46900000000004,C4_S2,100.0,29,male,5.0,5.0,4.0,1.0,326.40793991257743,0.0
842,C4,S2,3,5,Lars,1-2-3-4-5-6-7-8-9-10-1,0.9335117240037748,151.9380000000001,C4_S2,100.0,29,male,5.0,5.0,4.0,1.0,326.40793991257743,0.0
843,C4,S2,4,5,Lars,1-2-3-4-5-6-7-8-9-10-1,0.0,130.0820000000003,C4_S2,100.0,29,male,5.0,5.0,4.0,1.0,326.40793991257743,0.0
844,C4,S2,5,5,Lars,1-2-3-4-5-6-7-8-9-10-1,1.437426976917986,85.62099999999964,C4_S2,100.0,29,male,5.0,5.0,4.0,1.0,326.40793991257743,0.0
845,C4,S2,6,5,Lars,1-2-3-4-5-6-7-8-9-10-1,2.1439192967773235,69.52099999999973,C4_S2,100.0,29,male,5.0,5.0,4.0,1.0,326.40793991257743,0.0
846,C4,S3,1,6,Lars,1-10-9-8-7-6-5-4-3-2-1,0.03744751072379,264.0859999999998,C4_S3,100.0,29,male,5.0,5.0,4.0,1.0,489.6036157312779,0.0
847,C4,S3,2,6,Lars,1-10-9-7-8-6-5-4-3-2-1,4.345166467783422,120.67200000000004,C4_S3,80.0,29,male,5.0,5.0,4.0,1.0,509.9410079226358,4.153848447581765
848,C4,S3,3,6,Lars,1-10-9-8-7-6-5-4-3-2-1,0.3964206037459121,101.4029999999998,C4_S3,100.0,29,male,5.0,5.0,4.0,1.0,489.6036157312779,0.0
849,C4,S3,4,6,Lars,1-10-9-8-7-6-5-4-3-2-1,0.4793490576616306,84.50300000000016,C4_S3,100.0,29,male,5.0,5.0,4.0,1.0,489.6036157312779,0.0
850,C4,S3,5,6,Lars,1-10-9-8-7-6-5-4-3-2-1,0.0,94.67999999999984,C4_S3,100.0,29,male,5.0,5.0,4.0,1.0,489.6036157312779,0.0
851,C4,S3,6,6,Lars,1-2-3-4-5-6-7-8-9-10-1,0.0203137055378707,100.10199999999986,C4_S3,100.0,29,male,5.0,5.0,4.0,1.0,489.6036157312779,0.0
852,demo,session,1,0,Lars,1-2-3-4-5-6-1,2.5029171568423414,40.01978,demo_session,66.66666666666667,29,male,5.0,5.0,4.0,1.0,151.94837931338816,0.0
853,demo,session,2,0,Lars,1-2-3-4-5-6-1,1.8073058306949896,24.94205,demo_session,66.66666666666667,29,male,5.0,5.0,4.0,1.0,151.94837931338816,0.0
854,demo,session,3,0,Lars,1-2-3-4-5-6-1,1.8458826268545163,35.95324000000001,demo_session,66.66666666666667,29,male,5.0,5.0,4.0,1.0,151.94837931338816,0.0
855,demo,session,4,0,Lars,1-2-3-4-5-6-1,1.5406138558293048,30.547799999999995,demo_session,66.66666666666667,29,male,5.0,5.0,4.0,1.0,151.94837931338816,0.0
856,demo,session,5,0,Lars,1-2-3-4-5-6-1,0.0,32.75,demo_session,66.66666666666667,29,male,5.0,5.0,4.0,1.0,151.94837931338816,0.0
857,demo,session,6,0,Lars,1-2-3-4-5-6-1,0.3675378650030765,36.58720000000002,demo_session,66.66666666666667,29,male,5.0,5.0,4.0,1.0,151.94837931338816,0.0
858,C1,S1,1,11,Marie,1-10-9-8-7-6-5-4-3-2-1,0.556298324883111,45.04079999999999,C1_S1,100.0,33,female,2.0,5.0,5.0,2.0,172.83672869778508,0.0
859,C1,S1,2,11,Marie,1-2-3-4-5-6-7-8-9-10-1,1.1179797759437593,31.32039999999995,C1_S1,100.0,33,female,2.0,5.0,5.0,2.0,172.8367286977851,1.6444253281431282e-14
860,C1,S1,3,11,Marie,1-2-3-4-5-6-7-8-9-10-1,2.2238191451910354,30.93739999999991,C1_S1,100.0,33,female,2.0,5.0,5.0,2.0,172.8367286977851,1.6444253281431282e-14
861,C1,S1,4,11,Marie,1-10-9-8-7-6-5-4-3-2-1,1.27209402532569,32.219499999999925,C1_S1,100.0,33,female,2.0,5.0,5.0,2.0,172.83672869778508,0.0
862,C1,S1,5,11,Marie,1-10-9-8-7-6-5-4-3-2-1,0.4853338192377458,28.75619999999992,C1_S1,100.0,33,female,2.0,5.0,5.0,2.0,172.83672869778508,0.0
863,C1,S1,6,11,Marie,1-2-3-4-5-6-7-8-9-10-1,2.2025239910030985,28.855999999999995,C1_S1,100.0,33,female,2.0,5.0,5.0,2.0,172.8367286977851,1.6444253281431282e-14
864,C1,S2,1,13,Marie,1-10-9-8-7-6-5-4-3-2-1,0.0,69.5179999999998,C1_S2,100.0,33,female,2.0,5.0,5.0,2.0,345.67345739557015,0.0
865,C1,S2,2,13,Marie,1-2-3-4-5-6-7-8-9-10-1,0.3692627121173803,56.09700000000021,C1_S2,100.0,33,female,2.0,5.0,5.0,2.0,345.6734573955702,1.6444253281431282e-14
866,C1,S2,3,13,Marie,1-10-9-8-7-6-5-4-3-2-1,0.4716279816565584,54.43099999999981,C1_S2,100.0,33,female,2.0,5.0,5.0,2.0,345.67345739557015,0.0
867,C1,S2,4,13,Marie,1-2-3-4-5-6-7-8-9-10-1,0.5716746720442153,55.44700000000012,C1_S2,100.0,33,female,2.0,5.0,5.0,2.0,345.6734573955702,1.6444253281431282e-14
868,C1,S2,5,13,Marie,1-2-3-4-5-6-7-8-9-10-1,0.9514579370615844,58.61200000000008,C1_S2,100.0,33,female,2.0,5.0,5.0,2.0,345.6734573955702,1.6444253281431282e-14
869,C1,S2,6,13,Marie,1-10-9-8-7-6-5-4-3-2-1,0.5625162843957592,85.56899999999996,C1_S2,100.0,33,female,2.0,5.0,5.0,2.0,345.67345739557015,0.0
870,C1,S3,1,12,Marie,1-10-9-8-7-6-5-4-3-2-1,1.013075654121526,109.6961,C1_S3,100.0,33,female,2.0,5.0,5.0,2.0,518.5101860933553,0.0
871,C1,S3,2,12,Marie,1-2-3-4-5-6-7-8-9-10-1,0.2934219503362874,79.77449999999999,C1_S3,100.0,33,female,2.0,5.0,5.0,2.0,518.5101860933553,0.0
872,C1,S3,3,12,Marie,1-10-9-8-7-6-5-4-3-2-1,0.6249580084067224,80.2074,C1_S3,100.0,33,female,2.0,5.0,5.0,2.0,518.5101860933553,0.0
873,C1,S3,4,12,Marie,1-2-3-4-5-6-7-8-9-10-1,0.4436884389831012,94.34410000000014,C1_S3,100.0,33,female,2.0,5.0,5.0,2.0,518.5101860933553,0.0
874,C1,S3,5,12,Marie,1-10-9-8-7-6-5-4-3-2-1,0.3299461276898076,81.606,C1_S3,100.0,33,female,2.0,5.0,5.0,2.0,518.5101860933553,0.0
875,C1,S3,6,12,Marie,1-10-9-8-7-6-5-4-3-2-1,0.5463113389890487,80.49099999999999,C1_S3,100.0,33,female,2.0,5.0,5.0,2.0,518.5101860933553,0.0
876,C2,S1,1,3,Marie,1-10-9-8-7-6-5-3-4-2-1,3.330870273689615,110.02999999999996,C2_S1,80.0,33,female,2.0,5.0,5.0,2.0,177.87635816253896,2.301130044606185
877,C2,S1,2,3,Marie,1-2-5-4-3-6-7-8-9-10-1,0.7520891196605919,69.61799999999994,C2_S1,80.0,33,female,2.0,5.0,5.0,2.0,173.87526226247925,0.0
878,C2,S1,3,3,Marie,1-2-3-4-5-6-7-8-9-10-1,0.6788015150535511,68.66800000000012,C2_S1,100.0,33,female,2.0,5.0,5.0,2.0,174.48527981508272,0.3508363091252128
879,C2,S1,4,3,Marie,1-2-3-4-5-6-7-8-9-10-1,0.0,70.66599999999994,C2_S1,100.0,33,female,2.0,5.0,5.0,2.0,174.48527981508272,0.3508363091252128
880,C2,S1,5,3,Marie,1-10-9-8-7-5-6-3-4-2-1,4.252856132142437,76.87699999999995,C2_S1,70.0,33,female,2.0,5.0,5.0,2.0,180.03835778534705,3.544549950736571
881,C2,S1,6,3,Marie,1-10-9-8-7-6-3-4-5-2-1,1.2629272869750374,59.544000000000096,C2_S1,80.0,33,female,2.0,5.0,5.0,2.0,173.87526226247928,1.6346033967442166e-14
882,C2,S2,1,4,Marie,1-10-9-8-7-6-3-4-5-2-1,0.7392533405962696,137.97000000000003,C2_S2,80.0,33,female,2.0,5.0,5.0,2.0,347.7512296743647,1.6346000821919843e-14
883,C2,S2,2,4,Marie,1-2-3-4-5-6-7-8-9-10-1,0.0,117.0390000000002,C2_S2,100.0,33,female,2.0,5.0,5.0,2.0,348.98039496722794,0.35346109171613277
884,C2,S2,3,4,Marie,1-2-4-3-5-6-7-8-9-10-1,1.8573394585809149,96.3420000000001,C2_S2,80.0,33,female,2.0,5.0,5.0,2.0,355.7651702201858,2.3045038700008074
885,C2,S2,4,4,Marie,1-10-9-8-7-6-5-4-3-2-1,0.7993724552687643,89.2159999999999,C2_S2,100.0,33,female,2.0,5.0,5.0,2.0,348.980394967228,0.35346109171614915
886,C2,S2,5,4,Marie,1-2-5-4-3-6-7-8-9-10-1,0.923463719849633,84.10399999999981,C2_S2,80.0,33,female,2.0,5.0,5.0,2.0,347.75122967436465,0.0
887,C2,S2,6,4,Marie,1-10-9-8-7-6-3-4-5-2-1,0.332096342351885,93.04599999999982,C2_S2,80.0,33,female,2.0,5.0,5.0,2.0,347.7512296743647,1.6346000821919843e-14
888,C2,S3,1,2,Marie,1-10-9-8-7-6-5-4-3-2-1,1.6119022622184347,232.34700000000004,C2_S3,100.0,33,female,2.0,5.0,5.0,2.0,523.4700442506888,0.3504597714625055
889,C2,S3,2,2,Marie,1-10-9-8-7-6-3-4-5-2-1,0.0,178.98069999999996,C2_S3,80.0,33,female,2.0,5.0,5.0,2.0,521.64189924275,0.0
890,C2,S3,3,2,Marie,1-10-9-8-7-5-4-3-2-6-1,13.258272447125396,186.83999999999992,C2_S3,70.0,33,female,2.0,5.0,5.0,2.0,591.3692197276315,13.366894144450875
891,C2,S3,4,2,Marie,1-10-9-8-7-5-6-3-4-2-1,2.976556179606148,199.2450999999999,C2_S3,70.0,33,female,2.0,5.0,5.0,2.0,540.1210594506254,3.542499219234673
892,C2,S3,5,2,Marie,1-2-4-3-6-5-7-8-9-10-1,3.7912384075023247,171.63799999999992,C2_S3,70.0,33,female,2.0,5.0,5.0,2.0,540.1210594506254,3.542499219234673
893,C2,S3,6,2,Marie,1-2-5-4-3-6-7-8-9-10-1,0.1348026956654251,131.82600000000002,C2_S3,80.0,33,female,2.0,5.0,5.0,2.0,521.64189924275,0.0
894,C3,S1,1,7,Marie,1-10-9-8-7-6-5-4-3-2-1,0.4139569569115344,56.246000000000095,C3_S1,100.0,33,female,2.0,5.0,5.0,2.0,162.29329169471842,0.0
895,C3,S1,2,7,Marie,1-2-3-4-5-6-7-8-9-10-1,0.6198491018897723,45.35699999999997,C3_S1,100.0,33,female,2.0,5.0,5.0,2.0,162.29329169471842,0.0
896,C3,S1,3,7,Marie,1-2-3-4-5-6-7-8-9-10-1,1.5176717700909388,47.80500000000029,C3_S1,100.0,33,female,2.0,5.0,5.0,2.0,162.29329169471842,0.0
897,C3,S1,4,7,Marie,1-10-9-8-7-6-5-4-3-2-1,0.0,47.55499999999984,C3_S1,100.0,33,female,2.0,5.0,5.0,2.0,162.29329169471842,0.0
898,C3,S1,5,7,Marie,1-10-9-8-7-6-5-4-3-2-1,0.5135801269987686,38.03099999999995,C3_S1,100.0,33,female,2.0,5.0,5.0,2.0,162.29329169471842,0.0
899,C3,S1,6,7,Marie,1-10-9-8-7-6-5-4-3-2-1,0.6827286396484861,36.54899999999998,C3_S1,100.0,33,female,2.0,5.0,5.0,2.0,162.29329169471842,0.0
900,C3,S2,1,6,Marie,1-2-3-4-5-6-7-8-9-10-1,1.020971441534534,107.48199999999996,C3_S2,100.0,33,female,2.0,5.0,5.0,2.0,324.69632125767396,0.0
901,C3,S2,2,6,Marie,1-10-9-8-7-6-5-4-3-2-1,0.8649459330022973,70.83300000000008,C3_S2,100.0,33,female,2.0,5.0,5.0,2.0,324.696321257674,1.750664086387907e-14
902,C3,S2,3,6,Marie,1-10-9-8-7-6-5-4-3-2-1,0.665786555087835,112.64300000000004,C3_S2,100.0,33,female,2.0,5.0,5.0,2.0,324.696321257674,1.750664086387907e-14
903,C3,S2,4,6,Marie,1-10-9-8-7-6-5-4-3-2-1,0.4645791848360275,78.30999999999995,C3_S2,100.0,33,female,2.0,5.0,5.0,2.0,324.696321257674,1.750664086387907e-14
904,C3,S2,5,6,Marie,1-2-3-4-5-6-7-8-9-10-1,0.0,82.50599999999986,C3_S2,100.0,33,female,2.0,5.0,5.0,2.0,324.69632125767396,0.0
905,C3,S2,6,6,Marie,1-10-9-8-7-6-5-4-3-2-1,0.7638066191112295,66.404,C3_S2,100.0,33,female,2.0,5.0,5.0,2.0,324.696321257674,1.750664086387907e-14
906,C3,S3,1,5,Marie,1-10-9-8-7-6-5-4-3-2-1,0.0,159.26699999999985,C3_S3,100.0,33,female,2.0,5.0,5.0,2.0,487.04730642825336,2.3342052449757914e-14
907,C3,S3,2,5,Marie,1-2-3-4-5-6-7-8-9-10-1,0.2068953871126589,118.5039999999999,C3_S3,100.0,33,female,2.0,5.0,5.0,2.0,487.04730642825325,0.0
908,C3,S3,3,5,Marie,1-10-9-8-7-6-5-4-3-2-1,0.5942717663891753,115.34100000000036,C3_S3,100.0,33,female,2.0,5.0,5.0,2.0,487.04730642825336,2.3342052449757914e-14
909,C3,S3,4,5,Marie,1-2-3-4-5-6-7-8-9-10-1,0.3951943730458928,110.9789999999998,C3_S3,100.0,33,female,2.0,5.0,5.0,2.0,487.04730642825325,0.0
910,C3,S3,5,5,Marie,1-2-3-4-5-6-7-8-9-10-1,0.6994915385332287,99.17300000000024,C3_S3,100.0,33,female,2.0,5.0,5.0,2.0,487.04730642825325,0.0
911,C3,S3,6,5,Marie,1-10-9-8-7-6-5-4-3-2-1,0.8833915999722315,103.10200000000032,C3_S3,100.0,33,female,2.0,5.0,5.0,2.0,487.04730642825336,2.3342052449757914e-14
912,C4,S1,1,8,Marie,1-2-3-4-5-6-7-8-9-10-1,0.0057587569097213,52.51700000000028,C4_S1,100.0,33,female,2.0,5.0,5.0,2.0,163.18914552003673,0.0
913,C4,S1,2,8,Marie,1-10-9-8-7-6-5-4-3-2-1,0.0,40.96100000000024,C4_S1,100.0,33,female,2.0,5.0,5.0,2.0,163.18914552003673,0.0
914,C4,S1,3,8,Marie,1-2-3-4-5-6-8-7-9-10-1,4.992341479261912,45.70699999999943,C4_S1,80.0,33,female,2.0,5.0,5.0,2.0,169.95774926640968,4.147704631213895
915,C4,S1,4,8,Marie,1-2-3-4-5-6-7-8-9-10-1,1.6083832477761528,57.94499999999971,C4_S1,100.0,33,female,2.0,5.0,5.0,2.0,163.18914552003673,0.0
916,C4,S1,5,8,Marie,1-2-3-4-5-8-6-7-9-10-1,4.72881575545814,40.01200000000063,C4_S1,70.0,33,female,2.0,5.0,5.0,2.0,173.66749328546774,6.420983290303739
917,C4,S1,6,8,Marie,1-10-9-8-7-6-5-4-3-2-1,1.9801360443724716,40.34599999999955,C4_S1,100.0,33,female,2.0,5.0,5.0,2.0,163.18914552003673,0.0
918,C4,S2,1,10,Marie,1-2-3-4-5-6-7-8-9-10-1,0.6648708189419128,91.72992,C4_S2,100.0,33,female,2.0,5.0,5.0,2.0,326.40793991257743,0.0
919,C4,S2,2,10,Marie,1-10-9-8-7-6-5-4-3-2-1,0.8090305367484822,64.47239,C4_S2,100.0,33,female,2.0,5.0,5.0,2.0,326.4079399125775,1.741483950299509e-14
920,C4,S2,3,10,Marie,1-2-3-4-5-8-6-7-9-10-1,6.685724684701,88.9159,C4_S2,70.0,33,female,2.0,5.0,5.0,2.0,347.3951090202149,6.429736088300573
921,C4,S2,4,10,Marie,1-2-3-4-5-8-6-7-9-10-1,6.200045945097164,79.72469999999998,C4_S2,70.0,33,female,2.0,5.0,5.0,2.0,347.3951090202149,6.429736088300573
922,C4,S2,5,10,Marie,1-2-3-4-5-6-7-8-9-10-1,0.2262842538215459,70.89960000000002,C4_S2,100.0,33,female,2.0,5.0,5.0,2.0,326.40793991257743,0.0
923,C4,S2,6,10,Marie,1-10-9-8-7-6-5-4-3-2-1,0.0,66.50380000000001,C4_S2,100.0,33,female,2.0,5.0,5.0,2.0,326.4079399125775,1.741483950299509e-14
924,C4,S3,1,9,Marie,1-10-9-8-6-5-4-3-2-7-1,38.195853370342775,168.3739999999998,C4_S3,70.0,33,female,2.0,5.0,5.0,2.0,675.6976172463992,38.009115034244395
925,C4,S3,2,9,Marie,1-10-9-7-8-6-5-4-3-2-1,3.784312382095156,107.9309999999996,C4_S3,80.0,33,female,2.0,5.0,5.0,2.0,509.9410079226358,4.153848447581765
926,C4,S3,3,9,Marie,1-10-9-8-7-6-5-4-3-2-1,11.81121397684668,123.1840000000002,C4_S3,100.0,33,female,2.0,5.0,5.0,2.0,489.6036157312779,0.0
927,C4,S3,4,9,Marie,1-10-9-8-7-6-5-4-3-2-1,0.0,95.32700000000024,C4_S3,100.0,33,female,2.0,5.0,5.0,2.0,489.6036157312779,0.0
928,C4,S3,5,9,Marie,1-10-9-7-8-6-5-4-3-2-1,3.694669203916327,106.5,C4_S3,80.0,33,female,2.0,5.0,5.0,2.0,509.9410079226358,4.153848447581765
929,C4,S3,6,9,Marie,1-10-9-8-7-6-5-4-3-2-1,0.1390014486518714,93.67799999999988,C4_S3,100.0,33,female,2.0,5.0,5.0,2.0,489.6036157312779,0.0
930,demo,session,1,0,Marie,1-6-5-4-3-2-1,5.799962629871364,78.39258,demo_session,66.66666666666667,33,female,2.0,5.0,5.0,2.0,151.94837931338816,0.0
931,demo,session,2,0,Marie,1-2-3-4-5-6-1,1.5559567965452796,68.35215000000001,demo_session,66.66666666666667,33,female,2.0,5.0,5.0,2.0,151.94837931338816,0.0
932,demo,session,3,0,Marie,1-2-3-4-5-6-1,5.981695877142267,70.6,demo_session,66.66666666666667,33,female,2.0,5.0,5.0,2.0,151.94837931338816,0.0
933,demo,session,4,0,Marie,1-6-5-4-3-2-1,2.9864627276775817,46.5393,demo_session,66.66666666666667,33,female,2.0,5.0,5.0,2.0,151.94837931338816,0.0
934,demo,session,5,0,Marie,1-2-3-4-5-6-1,1.3500716362383998,40.19530000000003,demo_session,66.66666666666667,33,female,2.0,5.0,5.0,2.0,151.94837931338816,0.0
935,demo,session,6,0,Marie,1-6-5-4-3-2-1,7.000233521160489,35.316700000000026,demo_session,66.66666666666667,33,female,2.0,5.0,5.0,2.0,151.94837931338816,0.0
936,C1,S1,1,7,Michael,1-2-3-4-5-6-7-8-9-10-1,1.233160945655811,52.93299999999999,C1_S1,100.0,40,male,2.0,0.0,3.0,1.0,172.8367286977851,1.6444253281431282e-14
937,C1,S1,2,7,Michael,1-7-6-5-4-3-2-10-9-8-1,47.88157904227465,63.83999999999969,C1_S1,70.0,40,male,2.0,0.0,3.0,1.0,251.02398152957693,45.237637521193044
938,C1,S1,3,7,Michael,1-2-3-4-5-6-7-8-9-10-1,0.1003791567189128,66.471,C1_S1,100.0,40,male,2.0,0.0,3.0,1.0,172.8367286977851,1.6444253281431282e-14
939,C1,S1,4,7,Michael,1-10-9-8-7-6-5-4-3-2-1,0.796241131170918,95.42599999999992,C1_S1,100.0,40,male,2.0,0.0,3.0,1.0,172.83672869778508,0.0
940,C1,S1,5,7,Michael,1-2-3-4-5-6-7-8-9-10-1,0.0,48.88700000000017,C1_S1,100.0,40,male,2.0,0.0,3.0,1.0,172.8367286977851,1.6444253281431282e-14
941,C1,S1,6,7,Michael,1-10-9-8-7-6-5-4-3-2-1,0.5814778216160189,34.60100000000011,C1_S1,100.0,40,male,2.0,0.0,3.0,1.0,172.83672869778508,0.0
942,C1,S2,1,6,Michael,1-10-9-8-7-6-5-4-3-2-1,0.6663890045814262,80.82299999999987,C1_S2,100.0,40,male,2.0,0.0,3.0,1.0,345.67345739557015,0.0
943,C1,S2,2,6,Michael,1-2-3-4-5-6-7-8-9-10-1,0.5515298474976219,66.82100000000037,C1_S2,100.0,40,male,2.0,0.0,3.0,1.0,345.6734573955702,1.6444253281431282e-14
944,C1,S2,3,6,Michael,1-2-3-4-5-6-7-8-9-10-1,0.0,135.23900000000003,C1_S2,100.0,40,male,2.0,0.0,3.0,1.0,345.6734573955702,1.6444253281431282e-14
945,C1,S2,4,6,Michael,1-10-9-8-7-6-5-4-3-2-1,4.822525689625549,81.83899999999994,C1_S2,100.0,40,male,2.0,0.0,3.0,1.0,345.67345739557015,0.0
946,C1,S2,5,6,Michael,1-10-9-8-7-6-5-4-3-2-1,0.4545245978017626,59.64399999999978,C1_S2,100.0,40,male,2.0,0.0,3.0,1.0,345.67345739557015,0.0
947,C1,S2,6,6,Michael,1-2-3-4-5-6-7-8-9-10-1,1.9803424655922548,69.98500000000013,C1_S2,100.0,40,male,2.0,0.0,3.0,1.0,345.6734573955702,1.6444253281431282e-14
948,C1,S3,1,5,Michael,1-10-9-8-7-6-5-4-3-2-1,1.0583666918849317,104.53399999999964,C1_S3,100.0,40,male,2.0,0.0,3.0,1.0,518.5101860933553,0.0
949,C1,S3,2,5,Michael,1-2-3-4-5-6-7-8-9-10-1,0.0,112.24400000000014,C1_S3,100.0,40,male,2.0,0.0,3.0,1.0,518.5101860933553,0.0
950,C1,S3,3,5,Michael,1-10-9-8-7-6-5-4-3-2-1,0.5586035769845381,108.03099999999996,C1_S3,100.0,40,male,2.0,0.0,3.0,1.0,518.5101860933553,0.0
951,C1,S3,4,5,Michael,1-10-9-8-7-6-5-4-3-2-1,0.8596214603448837,172.37099999999964,C1_S3,100.0,40,male,2.0,0.0,3.0,1.0,518.5101860933553,0.0
952,C1,S3,5,5,Michael,1-2-3-4-5-6-7-8-9-10-1,1.0321784875521045,140.634,C1_S3,100.0,40,male,2.0,0.0,3.0,1.0,518.5101860933553,0.0
953,C1,S3,6,5,Michael,1-10-9-8-7-6-5-4-3-2-1,2.076874975833036,111.5279999999998,C1_S3,100.0,40,male,2.0,0.0,3.0,1.0,518.5101860933553,0.0
954,C2,S1,1,4,Michael,1-10-9-8-7-6-5-4-3-2-1,2.6106578677158327,71.59900000000016,C2_S1,100.0,40,male,2.0,0.0,3.0,1.0,174.48527981508278,0.35083630912524544
955,C2,S1,2,4,Michael,1-2-5-4-3-6-7-8-9-10-1,1.1517006012041062,64.8889999999999,C2_S1,80.0,40,male,2.0,0.0,3.0,1.0,173.87526226247925,0.0
956,C2,S1,3,4,Michael,1-10-9-8-7-6-5-4-3-2-1,3.147303133211002,47.805000000000064,C2_S1,100.0,40,male,2.0,0.0,3.0,1.0,174.48527981508278,0.35083630912524544
957,C2,S1,4,4,Michael,1-2-3-4-5-6-7-8-9-10-1,0.0,81.17399999999998,C2_S1,100.0,40,male,2.0,0.0,3.0,1.0,174.48527981508272,0.3508363091252128
958,C2,S1,5,4,Michael,1-2-5-4-6-3-7-8-9-10-1,4.261003155071874,90.914,C2_S1,60.0,40,male,2.0,0.0,3.0,1.0,181.08047078324145,4.14389512746519
959,C2,S1,6,4,Michael,1-10-9-8-7-5-4-2-6-3-1,12.366930221662022,96.3420000000001,C2_S1,50.0,40,male,2.0,0.0,3.0,1.0,189.54666302869973,9.01301344556029
960,C2,S2,1,3,Michael,1-2-5-4-3-6-7-8-9-10-1,0.2414100329717929,82.471,C2_S2,80.0,40,male,2.0,0.0,3.0,1.0,347.75122967436465,0.0
961,C2,S2,2,3,Michael,1-10-9-8-7-6-3-5-4-2-1,0.8598281452299372,77.21000000000004,C2_S2,70.0,40,male,2.0,0.0,3.0,1.0,348.1677821550609,0.1197846176090553
962,C2,S2,3,3,Michael,1-10-9-8-7-5-4-3-2-6-1,44.16143635906408,114.95800000000008,C2_S2,70.0,40,male,2.0,0.0,3.0,1.0,394.22646051751394,13.364505105177871
963,C2,S2,4,3,Michael,1-10-9-8-7-6-5-4-3-2-1,1.199785983806415,111.64499999999998,C2_S2,100.0,40,male,2.0,0.0,3.0,1.0,348.980394967228,0.35346109171614915
964,C2,S2,5,3,Michael,1-10-9-8-7-6-3-4-5-2-1,0.0,105.2170000000001,C2_S2,80.0,40,male,2.0,0.0,3.0,1.0,347.7512296743647,1.6346000821919843e-14
965,C2,S2,6,3,Michael,1-2-3-4-5-6-7-8-9-10-1,0.102690430943887,95.55999999999996,C2_S2,100.0,40,male,2.0,0.0,3.0,1.0,348.98039496722794,0.35346109171613277
966,C2,S3,1,2,Michael,1-10-9-8-7-6-3-2-4-5-1,8.80735859072698,119.13729999999998,C2_S3,70.0,40,male,2.0,0.0,3.0,1.0,559.9064010012764,7.335396526635171
967,C2,S3,2,2,Michael,1-10-9-8-7-5-4-3-2-6-1,34.00074007041662,169.47320000000002,C2_S3,70.0,40,male,2.0,0.0,3.0,1.0,591.3692197276315,13.366894144450875
968,C2,S3,3,2,Michael,1-2-3-4-5-6-7-8-9-10-1,1.4556710739871934,107.64819999999996,C2_S3,100.0,40,male,2.0,0.0,3.0,1.0,523.4700442506889,0.3504597714625273
969,C2,S3,4,2,Michael,1-10-9-8-7-5-6-3-2-4-1,40.6111616425244,138.40240000000006,C2_S3,60.0,40,male,2.0,0.0,3.0,1.0,574.401693549513,10.114178784977314
970,C2,S3,5,2,Michael,1-2-3-4-5-6-7-8-9-10-1,0.0,136.40419999999995,C2_S3,100.0,40,male,2.0,0.0,3.0,1.0,523.4700442506889,0.3504597714625273
971,C2,S3,6,2,Michael,1-10-9-8-7-6-5-4-3-2-1,0.3094874983441008,130.37700000000007,C2_S3,100.0,40,male,2.0,0.0,3.0,1.0,523.4700442506888,0.3504597714625055
972,C3,S1,1,8,Michael,1-10-9-8-7-6-5-4-3-2-1,3.3831062052280383,44.59116,C3_S1,100.0,40,male,2.0,0.0,3.0,1.0,162.29329169471842,0.0
973,C3,S1,2,8,Michael,1-2-3-4-5-6-7-8-9-10-1,0.0796995986668386,46.88893,C3_S1,100.0,40,male,2.0,0.0,3.0,1.0,162.29329169471842,0.0
974,C3,S1,3,8,Michael,1-10-9-8-7-6-5-4-3-2-1,1.26347490250188,45.65679,C3_S1,100.0,40,male,2.0,0.0,3.0,1.0,162.29329169471842,0.0
975,C3,S1,4,8,Michael,1-2-3-4-5-6-7-8-9-10-1,0.0682329370404581,52.41720000000001,C3_S1,100.0,40,male,2.0,0.0,3.0,1.0,162.29329169471842,0.0
976,C3,S1,5,8,Michael,1-10-9-8-6-7-5-4-3-2-1,3.3141172245638555,59.14410000000001,C3_S1,80.0,40,male,2.0,0.0,3.0,1.0,168.48027569921615,3.81222411591463
977,C3,S1,6,8,Michael,1-10-9-8-7-6-5-4-3-2-1,0.0,56.08030000000002,C3_S1,100.0,40,male,2.0,0.0,3.0,1.0,162.29329169471842,0.0
978,C3,S2,1,10,Michael,1-10-9-8-7-6-5-4-3-2-1,0.9634933566233764,64.00619999999992,C3_S2,100.0,40,male,2.0,0.0,3.0,1.0,324.696321257674,1.750664086387907e-14
979,C3,S2,2,10,Michael,1-2-3-4-5-7-6-8-9-10-1,3.963980786338732,76.01190000000008,C3_S2,80.0,40,male,2.0,0.0,3.0,1.0,337.0852205464158,3.815534232342051
980,C3,S2,3,10,Michael,1-2-3-4-5-6-7-8-9-10-1,0.0,70.26700000000005,C3_S2,100.0,40,male,2.0,0.0,3.0,1.0,324.69632125767396,0.0
981,C3,S2,4,10,Michael,1-10-9-8-7-6-5-4-3-2-1,1.0505499899610051,57.74499999999989,C3_S2,100.0,40,male,2.0,0.0,3.0,1.0,324.696321257674,1.750664086387907e-14
982,C3,S2,5,10,Michael,1-2-3-4-5-6-7-8-9-10-1,0.2237930025576798,67.35200000000009,C3_S2,100.0,40,male,2.0,0.0,3.0,1.0,324.69632125767396,0.0
983,C3,S2,6,10,Michael,1-2-3-4-5-7-6-8-9-10-1,4.082169221483249,68.26800000000003,C3_S2,80.0,40,male,2.0,0.0,3.0,1.0,337.0852205464158,3.815534232342051
984,C3,S3,1,9,Michael,1-10-9-8-7-6-5-4-3-2-1,1.1738288995304584,102.21999999999996,C3_S3,100.0,40,male,2.0,0.0,3.0,1.0,487.04730642825336,2.3342052449757914e-14
985,C3,S3,2,9,Michael,1-2-3-4-5-6-7-8-9-10-1,0.0,87.60059999999999,C3_S3,100.0,40,male,2.0,0.0,3.0,1.0,487.04730642825325,0.0
986,C3,S3,3,9,Michael,1-10-9-8-6-7-5-4-3-2-1,5.013979558852443,91.33020000000003,C3_S3,80.0,40,male,2.0,0.0,3.0,1.0,505.62927303692754,3.8152282875650387
987,C3,S3,4,9,Michael,1-2-3-4-5-7-6-8-9-10-1,4.098997437358579,100.6214,C3_S3,80.0,40,male,2.0,0.0,3.0,1.0,505.62927303692754,3.8152282875650387
988,C3,S3,5,9,Michael,1-10-9-8-7-6-5-4-3-2-1,0.6491164052372538,108.73059999999998,C3_S3,100.0,40,male,2.0,0.0,3.0,1.0,487.04730642825336,2.3342052449757914e-14
989,C3,S3,6,9,Michael,1-10-9-8-7-5-6-4-3-2-1,6.3697801593569805,90.89740000000006,C3_S3,80.0,40,male,2.0,0.0,3.0,1.0,515.5874681767413,5.859833607906883
990,C4,S1,1,13,Michael,1-10-9-8-7-6-5-4-3-2-1,0.0,35.715999999999894,C4_S1,100.0,40,male,2.0,0.0,3.0,1.0,163.18914552003673,0.0
991,C4,S1,2,13,Michael,1-2-3-4-5-8-6-7-9-10-1,6.51440822246043,33.48600000000033,C4_S1,70.0,40,male,2.0,0.0,3.0,1.0,173.66749328546774,6.420983290303739
992,C4,S1,3,13,Michael,1-2-3-4-5-8-6-7-9-10-1,6.940286272778859,41.1279999999997,C4_S1,70.0,40,male,2.0,0.0,3.0,1.0,173.66749328546774,6.420983290303739
993,C4,S1,4,13,Michael,1-10-9-8-7-6-5-4-3-2-1,2.269563024150324,41.97699999999986,C4_S1,100.0,40,male,2.0,0.0,3.0,1.0,163.18914552003673,0.0
994,C4,S1,5,13,Michael,1-10-9-7-6-8-5-4-3-2-1,6.650293208903453,49.4369999999999,C4_S1,70.0,40,male,2.0,0.0,3.0,1.0,173.6674932854678,6.420983290303774
995,C4,S1,6,13,Michael,1-10-9-8-5-6-7-4-3-2-1,15.634150955293515,55.48000000000002,C4_S1,80.0,40,male,2.0,0.0,3.0,1.0,186.2375589043762,14.123741693046318
996,C4,S2,1,12,Michael,1-10-9-7-8-6-5-4-3-2-1,5.8362748178127655,69.75099999999998,C4_S2,80.0,40,male,2.0,0.0,3.0,1.0,339.9584871743721,4.15141471908556
997,C4,S2,2,12,Michael,1-10-9-8-7-6-5-4-3-2-1,3.462389039813221,87.29999999999973,C4_S2,100.0,40,male,2.0,0.0,3.0,1.0,326.4079399125775,1.741483950299509e-14
998,C4,S2,3,12,Michael,1-2-3-4-5-6-8-7-9-10-1,5.433183641034172,65.95400000000018,C4_S2,80.0,40,male,2.0,0.0,3.0,1.0,339.9584871743721,4.15141471908556
999,C4,S2,4,12,Michael,1-2-3-4-5-6-8-7-9-10-1,5.167341206039447,73.41400000000021,C4_S2,80.0,40,male,2.0,0.0,3.0,1.0,339.9584871743721,4.15141471908556
1000,C4,S2,5,12,Michael,1-2-3-4-5-6-7-8-9-10-1,0.0,60.69200000000001,C4_S2,100.0,40,male,2.0,0.0,3.0,1.0,326.40793991257743,0.0
1001,C4,S2,6,12,Michael,1-10-9-8-7-6-5-4-3-2-1,0.1137784677175881,69.10100000000011,C4_S2,100.0,40,male,2.0,0.0,3.0,1.0,326.4079399125775,1.741483950299509e-14
1002,C4,S3,1,11,Michael,1-10-9-7-8-6-5-4-3-2-1,4.461015586614115,155.03600000000006,C4_S3,80.0,40,male,2.0,0.0,3.0,1.0,509.9410079226358,4.153848447581765
1003,C4,S3,2,11,Michael,1-2-3-4-5-6-7-9-10-8-1,29.228358928802244,110.44600000000014,C4_S3,70.0,40,male,2.0,0.0,3.0,1.0,616.6810608573442,25.955168843322745
1004,C4,S3,3,11,Michael,1-10-9-8-6-5-7-4-3-2-1,19.61265777159649,117.539,C4_S3,70.0,40,male,2.0,0.0,3.0,1.0,589.5493553739093,20.41360325604443
1005,C4,S3,4,11,Michael,1-10-9-7-8-6-5-4-3-2-1,4.017741643481665,86.85099999999989,C4_S3,80.0,40,male,2.0,0.0,3.0,1.0,509.9410079226358,4.153848447581765
1006,C4,S3,5,11,Michael,1-10-9-8-7-6-5-4-3-2-1,0.0011918728247081,89.79899999999998,C4_S3,100.0,40,male,2.0,0.0,3.0,1.0,489.6036157312779,0.0
1007,C4,S3,6,11,Michael,1-2-3-4-5-6-7-8-9-10-1,0.0,90.14800000000014,C4_S3,100.0,40,male,2.0,0.0,3.0,1.0,489.6036157312779,0.0
1008,demo,session,1,0,Michael,1-6-5-4-2-3-1,24.71288017912699,47.80472,demo_session,33.333333333333336,40,male,2.0,0.0,3.0,1.0,176.64704071150692,16.254639575443345
1009,demo,session,2,0,Michael,1-6-5-2-3-4-1,77.81808726913887,108.43078,demo_session,50.0,40,male,2.0,0.0,3.0,1.0,194.45781707186,27.976236370904385
1010,demo,session,3,0,Michael,1-2-3-4-5-6-1,3.5340186401825022,30.88749999999999,demo_session,66.66666666666667,40,male,2.0,0.0,3.0,1.0,151.94837931338816,0.0
1011,demo,session,4,0,Michael,1-6-5-4-3-2-1,1.5105822651431735,39.5959,demo_session,66.66666666666667,40,male,2.0,0.0,3.0,1.0,151.94837931338816,0.0
1012,demo,session,5,0,Michael,1-2-3-4-5-6-1,0.0,53.7492,demo_session,66.66666666666667,40,male,2.0,0.0,3.0,1.0,151.94837931338816,0.0
1013,demo,session,6,0,Michael,1-6-5-4-3-2-1,4.123237853069172,43.95839999999998,demo_session,66.66666666666667,40,male,2.0,0.0,3.0,1.0,151.94837931338816,0.0
1014,C1,S1,1,10,Nadine,1-2-3-4-5-6-7-8-9-10-1,2.4579747685233384,107.4989999999998,C1_S1,100.0,34,female,0.0,5.0,5.0,2.0,172.8367286977851,1.6444253281431282e-14
1015,C1,S1,2,10,Nadine,1-10-9-8-7-6-5-4-3-2-1,1.553455737977622,63.33899999999994,C1_S1,100.0,34,female,0.0,5.0,5.0,2.0,172.83672869778508,0.0
1016,C1,S1,3,10,Nadine,1-2-3-4-5-6-7-8-9-10-1,1.98893189521244,80.75700000000006,C1_S1,100.0,34,female,0.0,5.0,5.0,2.0,172.8367286977851,1.6444253281431282e-14
1017,C1,S1,4,10,Nadine,1-10-9-8-7-6-5-4-3-2-1,2.2623372534108963,84.6869999999999,C1_S1,100.0,34,female,0.0,5.0,5.0,2.0,172.83672869778508,0.0
1018,C1,S1,5,10,Nadine,1-2-3-4-5-6-7-8-9-10-1,0.0,101.154,C1_S1,100.0,34,female,0.0,5.0,5.0,2.0,172.8367286977851,1.6444253281431282e-14
1019,C1,S1,6,10,Nadine,1-10-9-8-7-6-5-4-3-2-1,1.706733839705571,82.42200000000003,C1_S1,100.0,34,female,0.0,5.0,5.0,2.0,172.83672869778508,0.0
1020,C1,S2,1,9,Nadine,1-10-9-8-7-6-5-4-3-2-1,2.412271726407293,179.93000000000006,C1_S2,100.0,34,female,0.0,5.0,5.0,2.0,345.67345739557015,0.0
1021,C1,S2,2,9,Nadine,1-2-3-4-5-6-7-8-9-10-1,2.052927549993027,144.98000000000002,C1_S2,100.0,34,female,0.0,5.0,5.0,2.0,345.6734573955702,1.6444253281431282e-14
1022,C1,S2,3,9,Nadine,1-10-9-8-7-6-5-4-3-2-1,0.0,123.29999999999995,C1_S2,100.0,34,female,0.0,5.0,5.0,2.0,345.67345739557015,0.0
1023,C1,S2,4,9,Nadine,1-2-3-4-5-6-7-8-9-10-1,1.7600322275479965,123.81600000000026,C1_S2,100.0,34,female,0.0,5.0,5.0,2.0,345.6734573955702,1.6444253281431282e-14
1024,C1,S2,5,9,Nadine,1-10-9-8-7-6-5-4-3-2-1,0.5574921448275084,115.308,C1_S2,100.0,34,female,0.0,5.0,5.0,2.0,345.67345739557015,0.0
1025,C1,S2,6,9,Nadine,1-2-3-4-5-6-7-8-9-10-1,1.2318033043760896,151.42299999999975,C1_S2,100.0,34,female,0.0,5.0,5.0,2.0,345.6734573955702,1.6444253281431282e-14
1026,C1,S3,1,8,Nadine,1-2-3-4-5-6-7-8-9-10-1,0.8063391840396531,192.8177000000001,C1_S3,100.0,34,female,0.0,5.0,5.0,2.0,518.5101860933553,0.0
1027,C1,S3,2,8,Nadine,1-10-9-8-7-6-5-4-3-2-1,1.048419324296841,135.77150000000006,C1_S3,100.0,34,female,0.0,5.0,5.0,2.0,518.5101860933553,0.0
1028,C1,S3,3,8,Nadine,1-2-3-4-5-6-7-8-9-10-1,0.5076993506202788,129.74400000000003,C1_S3,100.0,34,female,0.0,5.0,5.0,2.0,518.5101860933553,0.0
1029,C1,S3,4,8,Nadine,1-10-9-8-7-6-5-4-3-2-1,0.0,131.49299999999994,C1_S3,100.0,34,female,0.0,5.0,5.0,2.0,518.5101860933553,0.0
1030,C1,S3,5,8,Nadine,1-2-3-4-5-6-7-8-9-10-1,0.5573950974748385,144.06299999999987,C1_S3,100.0,34,female,0.0,5.0,5.0,2.0,518.5101860933553,0.0
1031,C1,S3,6,8,Nadine,1-10-9-8-7-6-5-4-3-2-1,0.7891405389128702,124.28300000000011,C1_S3,100.0,34,female,0.0,5.0,5.0,2.0,518.5101860933553,0.0
1032,C2,S1,1,7,Nadine,1-2-3-4-5-6-7-8-9-10-1,2.505403372520363,211.4334,C2_S1,100.0,34,female,0.0,5.0,5.0,2.0,174.48527981508272,0.3508363091252128
1033,C2,S1,2,7,Nadine,1-2-5-4-3-6-7-8-9-10-1,0.5183206004516262,89.66519999999997,C2_S1,80.0,34,female,0.0,5.0,5.0,2.0,173.87526226247925,0.0
1034,C2,S1,3,7,Nadine,1-10-9-8-7-6-5-4-3-2-1,3.458474699495364,103.9352,C2_S1,100.0,34,female,0.0,5.0,5.0,2.0,174.48527981508278,0.35083630912524544
1035,C2,S1,4,7,Nadine,1-10-9-8-7-5-6-3-4-2-1,5.93958516199778,72.16460000000001,C2_S1,70.0,34,female,0.0,5.0,5.0,2.0,180.03835778534705,3.544549950736571
1036,C2,S1,5,7,Nadine,1-2-3-4-5-6-7-8-9-10-1,2.4319885599187203,91.53019999999998,C2_S1,100.0,34,female,0.0,5.0,5.0,2.0,174.48527981508272,0.3508363091252128
1037,C2,S1,6,7,Nadine,1-2-5-4-3-6-7-8-9-10-1,1.897806758367241,100.52160000000003,C2_S1,80.0,34,female,0.0,5.0,5.0,2.0,173.87526226247925,0.0
1038,C2,S2,1,5,Nadine,1-2-4-3-6-5-7-8-9-10-1,5.411658357080847,211.8499999999999,C2_S2,70.0,34,female,0.0,5.0,5.0,2.0,360.0749012630716,3.5438182634887747
1039,C2,S2,2,5,Nadine,1-2-4-3-6-5-7-8-9-10-1,5.036012632381164,133.241,C2_S2,70.0,34,female,0.0,5.0,5.0,2.0,360.0749012630716,3.5438182634887747
1040,C2,S2,3,5,Nadine,1-2-3-4-6-5-7-8-9-10-1,6.216740530003362,120.63599999999995,C2_S2,80.0,34,female,0.0,5.0,5.0,2.0,369.13579042221187,6.149384652894481
1041,C2,S2,4,5,Nadine,1-10-9-8-7-6-5-3-4-2-1,4.156656228417911,123.7489999999998,C2_S2,80.0,34,female,0.0,5.0,5.0,2.0,355.76517022018584,2.304503870000824
1042,C2,S2,5,5,Nadine,1-10-9-8-7-6-5-4-3-2-1,0.8837130370257872,184.5920000000001,C2_S2,100.0,34,female,0.0,5.0,5.0,2.0,348.980394967228,0.35346109171614915
1043,C2,S2,6,5,Nadine,1-10-9-8-7-6-3-5-4-2-1,0.4866370880744862,121.0359999999996,C2_S2,70.0,34,female,0.0,5.0,5.0,2.0,348.1677821550609,0.1197846176090553
1044,C2,S3,1,6,Nadine,1-2-3-4-5-6-7-8-9-10-1,1.4785639840751232,191.7860000000001,C2_S3,100.0,34,female,0.0,5.0,5.0,2.0,523.4700442506889,0.3504597714625273
1045,C2,S3,2,6,Nadine,1-10-9-8-7-6-3-4-5-2-1,1.0676186638593788,178.21399999999994,C2_S3,80.0,34,female,0.0,5.0,5.0,2.0,521.64189924275,0.0
1046,C2,S3,3,6,Nadine,1-2-3-4-6-5-7-8-9-10-1,8.267793626768569,205.04,C2_S3,80.0,34,female,0.0,5.0,5.0,2.0,553.7125691382154,6.148024141086303
1047,C2,S3,4,6,Nadine,1-10-9-8-7-6-5-3-4-2-1,3.6366434765744784,187.30600000000004,C2_S3,80.0,34,female,0.0,5.0,5.0,2.0,533.6548056639396,2.3029028992165452
1048,C2,S3,5,6,Nadine,1-2-5-4-3-6-7-8-9-10-1,0.5218328066126043,155.9689999999996,C2_S3,80.0,34,female,0.0,5.0,5.0,2.0,521.64189924275,0.0
1049,C2,S3,6,6,Nadine,1-10-9-8-7-5-6-3-2-4-1,11.62332132519457,192.7180000000008,C2_S3,60.0,34,female,0.0,5.0,5.0,2.0,574.401693549513,10.114178784977314
1050,C3,S1,1,3,Nadine,1-2-3-4-5-6-7-8-9-10-1,1.163480202234664,74.04700000000003,C3_S1,100.0,34,female,0.0,5.0,5.0,2.0,162.29329169471842,0.0
1051,C3,S1,2,3,Nadine,1-2-3-4-5-6-7-8-9-10-1,1.8563371596318607,56.87999999999988,C3_S1,100.0,34,female,0.0,5.0,5.0,2.0,162.29329169471842,0.0
1052,C3,S1,3,3,Nadine,1-10-9-8-6-7-5-4-3-2-1,5.919124799498408,59.04500000000007,C3_S1,80.0,34,female,0.0,5.0,5.0,2.0,168.48027569921615,3.81222411591463
1053,C3,S1,4,3,Nadine,1-2-3-4-5-6-7-8-9-10-1,1.4883128986617662,49.38599999999997,C3_S1,100.0,34,female,0.0,5.0,5.0,2.0,162.29329169471842,0.0
1054,C3,S1,5,3,Nadine,1-10-9-8-7-6-5-4-3-2-1,1.9889395881143832,66.02100000000019,C3_S1,100.0,34,female,0.0,5.0,5.0,2.0,162.29329169471842,0.0
1055,C3,S1,6,3,Nadine,1-10-9-8-7-6-5-4-3-2-1,2.753473533880496,186.84000000000012,C3_S1,100.0,34,female,0.0,5.0,5.0,2.0,162.29329169471842,0.0
1056,C3,S2,1,4,Nadine,1-2-3-4-5-6-7-8-9-10-1,1.4383534497088524,141.66599999999994,C3_S2,100.0,34,female,0.0,5.0,5.0,2.0,324.69632125767396,0.0
1057,C3,S2,2,4,Nadine,1-10-9-8-7-6-5-4-3-2-1,1.682772664048262,93.8119999999999,C3_S2,100.0,34,female,0.0,5.0,5.0,2.0,324.696321257674,1.750664086387907e-14
1058,C3,S2,3,4,Nadine,1-10-9-8-7-6-5-4-3-2-1,0.5001537651404316,98.10799999999996,C3_S2,100.0,34,female,0.0,5.0,5.0,2.0,324.696321257674,1.750664086387907e-14
1059,C3,S2,4,4,Nadine,1-10-9-8-7-6-5-4-3-2-1,1.4028856772810496,126.8130000000001,C3_S2,100.0,34,female,0.0,5.0,5.0,2.0,324.696321257674,1.750664086387907e-14
1060,C3,S2,5,4,Nadine,1-2-3-4-5-7-6-8-9-10-1,3.94919416372591,104.36799999999994,C3_S2,80.0,34,female,0.0,5.0,5.0,2.0,337.0852205464158,3.815534232342051
1061,C3,S2,6,4,Nadine,1-10-9-8-7-6-5-4-3-2-1,0.7915446467907525,102.95299999999996,C3_S2,100.0,34,female,0.0,5.0,5.0,2.0,324.696321257674,1.750664086387907e-14
1062,C3,S3,1,2,Nadine,1-10-9-8-7-6-5-4-3-2-1,4.220548364666987,116.45659999999998,C3_S3,100.0,34,female,0.0,5.0,5.0,2.0,487.04730642825336,2.3342052449757914e-14
1063,C3,S3,2,2,Nadine,1-10-9-8-7-6-5-4-3-2-1,7.45556950245411,119.27050000000004,C3_S3,100.0,34,female,0.0,5.0,5.0,2.0,487.04730642825336,2.3342052449757914e-14
1064,C3,S3,3,2,Nadine,1-2-3-4-5-6-7-8-9-10-1,2.8275240515081013,113.00980000000004,C3_S3,100.0,34,female,0.0,5.0,5.0,2.0,487.04730642825325,0.0
1065,C3,S3,4,2,Nadine,1-10-9-8-7-6-5-4-3-2-1,1.8518591266300992,136.63760000000002,C3_S3,100.0,34,female,0.0,5.0,5.0,2.0,487.04730642825336,2.3342052449757914e-14
1066,C3,S3,5,2,Nadine,1-2-3-4-5-6-7-8-9-10-1,0.0,164.66110000000003,C3_S3,100.0,34,female,0.0,5.0,5.0,2.0,487.04730642825325,0.0
1067,C3,S3,6,2,Nadine,1-10-9-8-7-6-5-4-3-2-1,1.362651731102784,143.33140000000003,C3_S3,100.0,34,female,0.0,5.0,5.0,2.0,487.04730642825336,2.3342052449757914e-14
1068,C4,S1,1,13,Nadine,1-2-3-4-5-8-6-7-9-10-1,6.789207787821431,112.07679999999992,C4_S1,70.0,34,female,0.0,5.0,5.0,2.0,173.66749328546774,6.420983290303739
1069,C4,S1,2,13,Nadine,1-2-3-4-8-5-6-7-9-10-1,7.889053531174691,67.81899999999996,C4_S1,70.0,34,female,0.0,5.0,5.0,2.0,176.73093698862579,8.298218257982338
1070,C4,S1,3,13,Nadine,1-10-9-8-7-6-5-4-3-2-1,3.1697835945209967,65.67100000000005,C4_S1,100.0,34,female,0.0,5.0,5.0,2.0,163.18914552003673,0.0
1071,C4,S1,4,13,Nadine,1-10-9-7-8-6-5-4-3-2-1,7.852117495649693,53.96600000000012,C4_S1,80.0,34,female,0.0,5.0,5.0,2.0,169.9577492664097,4.147704631213912
1072,C4,S1,5,13,Nadine,1-2-3-4-5-8-6-7-9-10-1,9.325441255451215,58.0949999999998,C4_S1,70.0,34,female,0.0,5.0,5.0,2.0,173.66749328546774,6.420983290303739
1073,C4,S1,6,13,Nadine,1-2-3-4-5-8-7-9-6-10-1,43.81509436762138,75.44500000000016,C4_S1,60.0,34,female,0.0,5.0,5.0,2.0,228.83081808397208,40.22428841989109
1074,C4,S2,1,11,Nadine,1-2-3-4-5-6-7-8-9-10-1,2.2270235267380354,276.3890000000001,C4_S2,100.0,34,female,0.0,5.0,5.0,2.0,326.40793991257743,0.0
1075,C4,S2,2,11,Nadine,1-2-3-4-5-8-6-7-9-10-1,9.253476708311414,123.73300000000016,C4_S2,70.0,34,female,0.0,5.0,5.0,2.0,347.3951090202149,6.429736088300573
1076,C4,S2,3,11,Nadine,1-10-9-7-8-6-5-4-3-2-1,7.640041219268453,162.27999999999977,C4_S2,80.0,34,female,0.0,5.0,5.0,2.0,339.9584871743721,4.15141471908556
1077,C4,S2,4,11,Nadine,1-10-9-8-7-6-5-4-3-2-1,5.799806356608939,127.712,C4_S2,100.0,34,female,0.0,5.0,5.0,2.0,326.4079399125775,1.741483950299509e-14
1078,C4,S2,5,11,Nadine,1-2-3-4-5-6-7-8-9-10-1,0.5168597392974589,112.39400000000025,C4_S2,100.0,34,female,0.0,5.0,5.0,2.0,326.40793991257743,0.0
1079,C4,S2,6,11,Nadine,1-2-3-4-5-6-7-8-9-10-1,0.0,113.0930000000003,C4_S2,100.0,34,female,0.0,5.0,5.0,2.0,326.40793991257743,0.0
1080,C4,S3,1,12,Nadine,1-10-9-7-6-5-4-3-2-8-1,35.968847967458686,223.4553,C4_S3,70.0,34,female,0.0,5.0,5.0,2.0,598.3475458185201,22.210606007233203
1081,C4,S3,2,12,Nadine,1-10-9-8-7-6-5-4-3-2-1,0.6567350665078823,136.83740000000003,C4_S3,100.0,34,female,0.0,5.0,5.0,2.0,489.6036157312779,0.0
1082,C4,S3,3,12,Nadine,1-2-3-4-8-6-7-9-5-10-1,47.254941189987385,180.7458,C4_S3,50.0,34,female,0.0,5.0,5.0,2.0,705.6313902077126,44.122994098761495
1083,C4,S3,4,12,Nadine,1-2-3-4-5-6-8-7-9-10-1,6.434225116095506,135.1888,C4_S3,80.0,34,female,0.0,5.0,5.0,2.0,509.9410079226358,4.153848447581765
1084,C4,S3,5,12,Nadine,1-10-9-8-7-6-5-4-3-2-1,0.099130088279645,132.37490000000005,C4_S3,100.0,34,female,0.0,5.0,5.0,2.0,489.6036157312779,0.0
1085,C4,S3,6,12,Nadine,1-10-9-7-8-5-4-3-2-6-1,47.63545537400089,160.34840000000008,C4_S3,60.0,34,female,0.0,5.0,5.0,2.0,698.3543094996816,42.63667323138762
1086,demo,session,1,0,Nadine,1-6-5-4-3-2-1,12.08678477974247,76.42781,demo_session,66.66666666666667,34,female,0.0,5.0,5.0,2.0,151.94837931338816,0.0
1087,demo,session,2,0,Nadine,1-6-5-4-3-2-1,6.106348783494734,43.22579,demo_session,66.66666666666667,34,female,0.0,5.0,5.0,2.0,151.94837931338816,0.0
1088,demo,session,3,0,Nadine,1-6-5-4-3-2-1,4.6569700460009775,45.47370000000001,demo_session,66.66666666666667,34,female,0.0,5.0,5.0,2.0,151.94837931338816,0.0
1089,demo,session,4,0,Nadine,1-2-3-4-5-6-1,4.75634922914911,37.614300000000014,demo_session,66.66666666666667,34,female,0.0,5.0,5.0,2.0,151.94837931338816,0.0
1090,demo,session,5,0,Nadine,1-6-5-4-3-2-1,6.334406191834667,37.76420000000002,demo_session,66.66666666666667,34,female,0.0,5.0,5.0,2.0,151.94837931338816,0.0
1091,demo,session,6,0,Nadine,1-6-5-4-3-2-1,4.045913448423463,34.267600000000016,demo_session,66.66666666666667,34,female,0.0,5.0,5.0,2.0,151.94837931338816,0.0
1092,C1,S1,1,12,Nella,1-2-3-4-5-6-7-8-9-10-1,2.678730891060604,108.69700000000012,C1_S1,100.0,30,female,3.0,4.0,2.0,2.0,172.8367286977851,1.6444253281431282e-14
1093,C1,S1,2,12,Nella,1-10-9-8-7-6-5-4-3-2-1,2.7062672363484515,54.63200000000006,C1_S1,100.0,30,female,3.0,4.0,2.0,2.0,172.83672869778508,0.0
1094,C1,S1,3,12,Nella,1-2-3-4-5-6-7-8-9-10-1,1.08819335890251,62.55799999999999,C1_S1,100.0,30,female,3.0,4.0,2.0,2.0,172.8367286977851,1.6444253281431282e-14
1095,C1,S1,4,12,Nella,1-2-3-4-5-6-7-8-9-10-1,0.940416963583331,55.28099999999995,C1_S1,100.0,30,female,3.0,4.0,2.0,2.0,172.8367286977851,1.6444253281431282e-14
1096,C1,S1,5,12,Nella,1-2-3-4-5-6-7-8-9-10-1,0.0,60.07700000000023,C1_S1,100.0,30,female,3.0,4.0,2.0,2.0,172.8367286977851,1.6444253281431282e-14
1097,C1,S1,6,12,Nella,1-2-3-4-5-6-7-8-9-10-1,1.7389112451624782,62.108000000000175,C1_S1,100.0,30,female,3.0,4.0,2.0,2.0,172.8367286977851,1.6444253281431282e-14
1098,C1,S2,1,11,Nella,1-10-9-8-7-6-5-4-3-2-1,1.3248712675393344,114.625,C1_S2,100.0,30,female,3.0,4.0,2.0,2.0,345.67345739557015,0.0
1099,C1,S2,2,11,Nella,1-2-3-4-5-6-7-8-9-10-1,0.0,86.31799999999998,C1_S2,100.0,30,female,3.0,4.0,2.0,2.0,345.6734573955702,1.6444253281431282e-14
1100,C1,S2,3,11,Nella,1-2-3-4-5-6-7-8-9-10-1,1.1635782365472058,75.51199999999994,C1_S2,100.0,30,female,3.0,4.0,2.0,2.0,345.6734573955702,1.6444253281431282e-14
1101,C1,S2,4,11,Nella,1-2-3-4-5-6-7-8-9-10-1,1.9706620497088927,72.76499999999987,C1_S2,100.0,30,female,3.0,4.0,2.0,2.0,345.6734573955702,1.6444253281431282e-14
1102,C1,S2,5,11,Nella,1-2-3-4-5-6-7-8-9-10-1,4.337707246814873,78.77600000000007,C1_S2,100.0,30,female,3.0,4.0,2.0,2.0,345.6734573955702,1.6444253281431282e-14
1103,C1,S2,6,11,Nella,1-2-3-4-5-6-7-8-9-10-1,1.6566782827108832,61.792000000000144,C1_S2,100.0,30,female,3.0,4.0,2.0,2.0,345.6734573955702,1.6444253281431282e-14
1104,C1,S3,1,13,Nella,1-10-9-8-7-6-5-4-3-2-1,0.6216443290680491,158.6500000000001,C1_S3,100.0,30,female,3.0,4.0,2.0,2.0,518.5101860933553,0.0
1105,C1,S3,2,13,Nella,1-10-9-8-7-6-5-4-3-2-1,0.0,107.39899999999987,C1_S3,100.0,30,female,3.0,4.0,2.0,2.0,518.5101860933553,0.0
1106,C1,S3,3,13,Nella,1-10-9-8-7-6-5-4-3-2-1,0.0226911554853655,108.48099999999975,C1_S3,100.0,30,female,3.0,4.0,2.0,2.0,518.5101860933553,0.0
1107,C1,S3,4,13,Nella,1-10-9-8-7-6-5-4-3-2-1,0.0778538016824323,107.36499999999978,C1_S3,100.0,30,female,3.0,4.0,2.0,2.0,518.5101860933553,0.0
1108,C1,S3,5,13,Nella,1-10-9-8-7-6-5-4-3-2-1,0.389657888540348,106.96500000000016,C1_S3,100.0,30,female,3.0,4.0,2.0,2.0,518.5101860933553,0.0
1109,C1,S3,6,13,Nella,1-10-9-8-7-6-5-4-3-2-1,0.517385566675167,100.92100000000028,C1_S3,100.0,30,female,3.0,4.0,2.0,2.0,518.5101860933553,0.0
1110,C2,S1,1,2,Nella,1-10-9-8-7-5-6-3-4-2-1,4.125304664002579,121.8682,C2_S1,70.0,30,female,3.0,4.0,2.0,2.0,180.03835778534705,3.544549950736571
1111,C2,S1,2,2,Nella,1-10-9-8-7-5-6-4-2-3-1,9.343532906129058,91.33029999999997,C2_S1,60.0,30,female,3.0,4.0,2.0,2.0,190.26876219638103,9.428310686976518
1112,C2,S1,3,2,Nella,1-10-9-8-7-6-5-4-3-2-1,2.3219716972126143,78.59229999999991,C2_S1,100.0,30,female,3.0,4.0,2.0,2.0,174.48527981508278,0.35083630912524544
1113,C2,S1,4,2,Nella,1-2-3-4-5-6-7-8-9-10-1,0.0,80.02459999999996,C2_S1,100.0,30,female,3.0,4.0,2.0,2.0,174.48527981508272,0.3508363091252128
1114,C2,S1,5,2,Nella,1-2-4-3-5-6-7-8-9-10-1,0.9793354125606796,72.88109999999995,C2_S1,80.0,30,female,3.0,4.0,2.0,2.0,177.87635816253893,2.3011300446061687
1115,C2,S1,6,2,Nella,1-2-5-4-3-6-7-8-9-10-1,1.8154772334272988,97.308,C2_S1,80.0,30,female,3.0,4.0,2.0,2.0,173.87526226247925,0.0
1116,C2,S2,1,3,Nella,1-2-3-4-5-6-7-8-9-10-1,1.6949963091662843,138.55259999999987,C2_S2,100.0,30,female,3.0,4.0,2.0,2.0,348.98039496722794,0.35346109171613277
1117,C2,S2,2,3,Nella,1-10-9-8-7-5-6-3-4-2-1,3.102588747240673,119.13700000000016,C2_S2,70.0,30,female,3.0,4.0,2.0,2.0,360.07490126307164,3.543818263488791
1118,C2,S2,3,3,Nella,1-10-9-8-7-6-5-4-3-2-1,0.0,153.4380000000001,C2_S2,100.0,30,female,3.0,4.0,2.0,2.0,348.980394967228,0.35346109171614915
1119,C2,S2,4,3,Nella,1-10-9-8-7-6-5-3-4-2-1,3.382628554261119,99.43899999999984,C2_S2,80.0,30,female,3.0,4.0,2.0,2.0,355.76517022018584,2.304503870000824
1120,C2,S2,5,3,Nella,1-10-9-8-7-5-6-3-4-2-1,4.583792487129027,114.64099999999983,C2_S2,70.0,30,female,3.0,4.0,2.0,2.0,360.07490126307164,3.543818263488791
1121,C2,S2,6,3,Nella,1-10-9-8-7-6-5-4-3-2-1,0.7629874511653956,113.875,C2_S2,100.0,30,female,3.0,4.0,2.0,2.0,348.980394967228,0.35346109171614915
1122,C2,S3,1,4,Nella,1-10-9-8-7-6-5-4-3-2-1,0.0,182.62699999999995,C2_S3,100.0,30,female,3.0,4.0,2.0,2.0,523.4700442506888,0.3504597714625055
1123,C2,S3,2,4,Nella,1-2-4-5-3-6-8-9-10-7-1,50.023479105340485,258.6880000000001,C2_S3,40.0,30,female,3.0,4.0,2.0,2.0,735.8302356007548,41.0604164789935
1124,C2,S3,3,4,Nella,1-10-9-8-7-6-3-4-5-2-1,0.0962808050610229,186.64000000000036,C2_S3,80.0,30,female,3.0,4.0,2.0,2.0,521.64189924275,0.0
1125,C2,S3,4,4,Nella,1-10-9-8-7-6-5-4-3-2-1,0.6764269200976002,145.1289999999999,C2_S3,100.0,30,female,3.0,4.0,2.0,2.0,523.4700442506888,0.3504597714625055
1126,C2,S3,5,4,Nella,1-10-9-8-7-3-6-5-4-2-1,1.950810353752506,170.38900000000012,C2_S3,70.0,30,female,3.0,4.0,2.0,2.0,531.4478288747725,1.879820169019679
1127,C2,S3,6,4,Nella,1-2-3-4-5-6-7-8-9-10-1,0.8813337139603684,187.54,C2_S3,100.0,30,female,3.0,4.0,2.0,2.0,523.4700442506889,0.3504597714625273
1128,C3,S1,1,9,Nella,1-2-3-4-5-6-7-8-9-10-1,3.909491487517468,111.3447,C3_S1,100.0,30,female,3.0,4.0,2.0,2.0,162.29329169471842,0.0
1129,C3,S1,2,9,Nella,1-10-9-8-7-6-5-4-3-2-1,0.0,107.7315,C3_S1,100.0,30,female,3.0,4.0,2.0,2.0,162.29329169471842,0.0
1130,C3,S1,3,9,Nella,1-2-3-4-5-6-7-8-9-10-1,1.883870333873924,120.3363,C3_S1,100.0,30,female,3.0,4.0,2.0,2.0,162.29329169471842,0.0
1131,C3,S1,4,9,Nella,1-2-3-4-5-6-7-8-9-10-1,1.7812254174151128,66.5704,C3_S1,100.0,30,female,3.0,4.0,2.0,2.0,162.29329169471842,0.0
1132,C3,S1,5,9,Nella,1-10-9-8-7-6-5-4-3-2-1,1.2367161124724513,63.54000000000002,C3_S1,100.0,30,female,3.0,4.0,2.0,2.0,162.29329169471842,0.0
1133,C3,S1,6,9,Nella,1-10-9-8-7-6-5-4-3-2-1,1.7373363127076151,110.49539999999996,C3_S1,100.0,30,female,3.0,4.0,2.0,2.0,162.29329169471842,0.0
1134,C3,S2,1,8,Nella,1-2-3-4-5-7-6-8-9-10-1,5.219655398620722,127.54600000000028,C3_S2,80.0,30,female,3.0,4.0,2.0,2.0,337.0852205464158,3.815534232342051
1135,C3,S2,2,8,Nella,1-10-9-8-7-6-5-4-3-2-1,1.302837097328032,102.6859999999997,C3_S2,100.0,30,female,3.0,4.0,2.0,2.0,324.696321257674,1.750664086387907e-14
1136,C3,S2,3,8,Nella,1-10-9-8-7-6-5-4-3-2-1,0.6458224145305455,106.0,C3_S2,100.0,30,female,3.0,4.0,2.0,2.0,324.696321257674,1.750664086387907e-14
1137,C3,S2,4,8,Nella,1-10-9-8-7-6-5-4-3-2-1,0.0,253.84400000000005,C3_S2,100.0,30,female,3.0,4.0,2.0,2.0,324.696321257674,1.750664086387907e-14
1138,C3,S2,5,8,Nella,1-10-9-8-7-6-5-4-3-2-1,0.538084942657849,146.212,C3_S2,100.0,30,female,3.0,4.0,2.0,2.0,324.696321257674,1.750664086387907e-14
1139,C3,S2,6,8,Nella,1-10-9-8-7-6-5-4-3-2-1,0.6902110138895063,168.97400000000016,C3_S2,100.0,30,female,3.0,4.0,2.0,2.0,324.696321257674,1.750664086387907e-14
1140,C3,S3,1,10,Nella,1-10-9-8-7-6-5-4-3-2-1,0.2137591862294388,203.5907,C3_S3,100.0,30,female,3.0,4.0,2.0,2.0,487.04730642825336,2.3342052449757914e-14
1141,C3,S3,2,10,Nella,1-2-3-4-5-6-7-8-9-10-1,0.3119655760978084,147.71040000000005,C3_S3,100.0,30,female,3.0,4.0,2.0,2.0,487.04730642825325,0.0
1142,C3,S3,3,10,Nella,1-2-3-4-5-6-7-8-9-10-1,0.2916105225459682,138.1698,C3_S3,100.0,30,female,3.0,4.0,2.0,2.0,487.04730642825325,0.0
1143,C3,S3,4,10,Nella,1-10-9-8-7-6-5-4-3-2-1,0.0,115.75700000000006,C3_S3,100.0,30,female,3.0,4.0,2.0,2.0,487.04730642825336,2.3342052449757914e-14
1144,C3,S3,5,10,Nella,1-2-3-4-5-6-7-8-9-10-1,0.066335480331531,112.31000000000016,C3_S3,100.0,30,female,3.0,4.0,2.0,2.0,487.04730642825325,0.0
1145,C3,S3,6,10,Nella,1-10-9-8-7-6-5-4-3-2-1,0.1079378069079342,111.47799999999984,C3_S3,100.0,30,female,3.0,4.0,2.0,2.0,487.04730642825336,2.3342052449757914e-14
1146,C4,S1,1,6,Nella,1-2-3-4-5-6-8-7-9-10-1,4.396542180526508,87.79999999999995,C4_S1,80.0,30,female,3.0,4.0,2.0,2.0,169.95774926640968,4.147704631213895
1147,C4,S1,2,6,Nella,1-10-9-7-8-6-5-4-3-2-1,4.628265428447606,83.23800000000006,C4_S1,80.0,30,female,3.0,4.0,2.0,2.0,169.9577492664097,4.147704631213912
1148,C4,S1,3,6,Nella,1-10-9-8-7-6-5-4-3-2-1,2.771695982641307,64.40600000000018,C4_S1,100.0,30,female,3.0,4.0,2.0,2.0,163.18914552003673,0.0
1149,C4,S1,4,6,Nella,1-10-9-8-7-6-5-4-3-2-1,0.0,49.45399999999995,C4_S1,100.0,30,female,3.0,4.0,2.0,2.0,163.18914552003673,0.0
1150,C4,S1,5,6,Nella,1-10-9-7-8-6-5-4-3-2-1,4.9789184350615,68.68500000000017,C4_S1,80.0,30,female,3.0,4.0,2.0,2.0,169.9577492664097,4.147704631213912
1151,C4,S1,6,6,Nella,1-10-9-7-6-8-5-4-3-2-1,7.308296932181562,63.35699999999997,C4_S1,70.0,30,female,3.0,4.0,2.0,2.0,173.6674932854678,6.420983290303774
1152,C4,S2,1,7,Nella,1-10-9-8-7-6-5-4-3-2-1,3.1780557450755085,111.31200000000013,C4_S2,100.0,30,female,3.0,4.0,2.0,2.0,326.4079399125775,1.741483950299509e-14
1153,C4,S2,2,7,Nella,1-10-9-8-7-6-5-4-3-2-1,3.1982405474475097,97.10799999999996,C4_S2,100.0,30,female,3.0,4.0,2.0,2.0,326.4079399125775,1.741483950299509e-14
1154,C4,S2,3,7,Nella,1-10-9-8-7-6-5-4-3-2-1,4.512162935290531,111.0619999999999,C4_S2,100.0,30,female,3.0,4.0,2.0,2.0,326.4079399125775,1.741483950299509e-14
1155,C4,S2,4,7,Nella,1-10-9-8-7-6-5-4-3-2-1,2.859365095637441,129.7270000000001,C4_S2,100.0,30,female,3.0,4.0,2.0,2.0,326.4079399125775,1.741483950299509e-14
1156,C4,S2,5,7,Nella,1-10-9-8-7-6-5-4-3-2-1,0.0,210.01800000000003,C4_S2,100.0,30,female,3.0,4.0,2.0,2.0,326.4079399125775,1.741483950299509e-14
1157,C4,S2,6,7,Nella,1-10-9-8-7-6-5-4-3-2-1,0.3518650407182303,176.94999999999982,C4_S2,100.0,30,female,3.0,4.0,2.0,2.0,326.4079399125775,1.741483950299509e-14
1158,C4,S3,1,5,Nella,1-10-9-8-6-5-4-3-2-7-1,41.95515422538085,239.5902,C4_S3,70.0,30,female,3.0,4.0,2.0,2.0,675.6976172463992,38.009115034244395
1159,C4,S3,2,5,Nella,1-2-3-4-5-8-7-6-9-10-1,22.319130329734037,252.6612,C4_S3,80.0,30,female,3.0,4.0,2.0,2.0,548.2734211332796,11.983123391434065
1160,C4,S3,3,5,Nella,1-10-9-7-8-6-5-4-3-2-1,4.904656138277766,191.8688,C4_S3,80.0,30,female,3.0,4.0,2.0,2.0,509.9410079226358,4.153848447581765
1161,C4,S3,4,5,Nella,1-10-9-8-7-6-5-4-3-2-1,1.4760167380025886,178.66449999999998,C4_S3,100.0,30,female,3.0,4.0,2.0,2.0,489.6036157312779,0.0
1162,C4,S3,5,5,Nella,1-10-9-8-7-6-5-4-3-2-1,0.0,146.71120000000008,C4_S3,100.0,30,female,3.0,4.0,2.0,2.0,489.6036157312779,0.0
1163,C4,S3,6,5,Nella,1-10-9-8-6-7-5-4-3-2-1,9.342993404329787,154.78700000000015,C4_S3,80.0,30,female,3.0,4.0,2.0,2.0,531.5224505018431,8.561790277621768
1164,demo,session,1,0,Nella,1-6-5-4-3-2-1,1.7157855772789925,83.28796,demo_session,66.66666666666667,30,female,3.0,4.0,2.0,2.0,151.94837931338816,0.0
1165,demo,session,2,0,Nella,1-2-3-4-5-6-1,4.241612545007912,65.83779,demo_session,66.66666666666667,30,female,3.0,4.0,2.0,2.0,151.94837931338816,0.0
1166,demo,session,3,0,Nella,1-6-5-4-3-2-1,2.594609146279905,77.3435,demo_session,66.66666666666667,30,female,3.0,4.0,2.0,2.0,151.94837931338816,0.0
1167,demo,session,4,0,Nella,1-2-3-4-5-6-1,5.400948951778447,48.88700000000003,demo_session,66.66666666666667,30,female,3.0,4.0,2.0,2.0,151.94837931338816,0.0
1168,demo,session,5,0,Nella,1-6-5-4-3-2-1,0.0,69.00129999999996,demo_session,66.66666666666667,30,female,3.0,4.0,2.0,2.0,151.94837931338816,0.0
1169,demo,session,6,0,Nella,1-6-5-4-3-2-1,4.35131406265773,61.79160000000002,demo_session,66.66666666666667,30,female,3.0,4.0,2.0,2.0,151.94837931338816,0.0
1170,C1,S1,1,11,Nia,1-10-9-8-7-6-5-4-3-2-1,1.346482002625245,41.9940000000006,C1_S1,100.0,28,female,3.0,4.0,4.0,2.0,172.83672869778508,0.0
1171,C1,S1,2,11,Nia,1-10-9-8-7-6-5-4-3-2-1,1.9346228278267543,30.55499999999938,C1_S1,100.0,28,female,3.0,4.0,4.0,2.0,172.83672869778508,0.0
1172,C1,S1,3,11,Nia,1-10-9-8-7-6-5-4-3-2-1,1.6746130569380375,28.789999999999964,C1_S1,100.0,28,female,3.0,4.0,4.0,2.0,172.83672869778508,0.0
1173,C1,S1,4,11,Nia,1-10-9-8-7-6-5-4-3-2-1,1.445472555880358,28.72299999999996,C1_S1,100.0,28,female,3.0,4.0,4.0,2.0,172.83672869778508,0.0
1174,C1,S1,5,11,Nia,1-10-9-8-7-6-5-4-3-2-1,1.207338188612495,29.055999999999585,C1_S1,100.0,28,female,3.0,4.0,4.0,2.0,172.83672869778508,0.0
1175,C1,S1,6,11,Nia,1-10-9-8-7-6-5-4-3-2-1,0.5152166650328133,28.039999999999964,C1_S1,100.0,28,female,3.0,4.0,4.0,2.0,172.83672869778508,0.0
1176,C1,S2,1,13,Nia,1-10-9-8-7-6-5-4-3-2-1,1.1798554419779748,58.82768,C1_S2,100.0,28,female,3.0,4.0,4.0,2.0,345.67345739557015,0.0
1177,C1,S2,2,13,Nia,1-10-9-8-7-6-5-4-3-2-1,1.047402399943861,51.31804,C1_S2,100.0,28,female,3.0,4.0,4.0,2.0,345.67345739557015,0.0
1178,C1,S2,3,13,Nia,1-10-9-8-7-6-5-4-3-2-1,0.671124652054922,51.78439999999999,C1_S2,100.0,28,female,3.0,4.0,4.0,2.0,345.67345739557015,0.0
1179,C1,S2,4,13,Nia,1-10-9-8-7-6-5-4-3-2-1,0.0,50.88529999999997,C1_S2,100.0,28,female,3.0,4.0,4.0,2.0,345.67345739557015,0.0
1180,C1,S2,5,13,Nia,1-10-9-8-7-6-5-4-3-2-1,0.273093027063702,51.01849999999999,C1_S2,100.0,28,female,3.0,4.0,4.0,2.0,345.67345739557015,0.0
1181,C1,S2,6,13,Nia,1-10-9-8-7-6-5-4-3-2-1,0.4782636663469985,50.66890000000001,C1_S2,100.0,28,female,3.0,4.0,4.0,2.0,345.67345739557015,0.0
1182,C1,S3,1,12,Nia,1-10-9-8-7-6-5-4-3-2-1,1.1206405146996297,113.54299999999968,C1_S3,100.0,28,female,3.0,4.0,4.0,2.0,518.5101860933553,0.0
1183,C1,S3,2,12,Nia,1-10-9-8-7-6-5-4-3-2-1,1.369263601452236,81.62199999999939,C1_S3,100.0,28,female,3.0,4.0,4.0,2.0,518.5101860933553,0.0
1184,C1,S3,3,12,Nia,1-10-9-8-7-6-5-4-3-2-1,1.5915939135983417,89.36599999999999,C1_S3,100.0,28,female,3.0,4.0,4.0,2.0,518.5101860933553,0.0
1185,C1,S3,4,12,Nia,1-10-9-8-7-6-5-4-3-2-1,0.8227908675604381,81.78899999999976,C1_S3,100.0,28,female,3.0,4.0,4.0,2.0,518.5101860933553,0.0
1186,C1,S3,5,12,Nia,1-10-9-8-7-6-5-4-3-2-1,1.3373918166686043,81.49099999999999,C1_S3,100.0,28,female,3.0,4.0,4.0,2.0,518.5101860933553,0.0
1187,C1,S3,6,12,Nia,1-10-9-8-7-6-5-4-3-2-1,1.3562523458833793,84.2529999999997,C1_S3,100.0,28,female,3.0,4.0,4.0,2.0,518.5101860933553,0.0
1188,C2,S1,1,10,Nia,1-10-9-8-7-6-5-4-3-2-1,1.0829324804190636,70.96599999999944,C2_S1,100.0,28,female,3.0,4.0,4.0,2.0,174.48527981508278,0.35083630912524544
1189,C2,S1,2,10,Nia,1-10-9-8-7-6-3-4-5-2-1,0.0,44.42500000000018,C2_S1,80.0,28,female,3.0,4.0,4.0,2.0,173.87526226247928,1.6346033967442166e-14
1190,C2,S1,3,10,Nia,1-10-9-8-7-6-5-4-3-2-1,4.633299383097467,47.72199999999975,C2_S1,100.0,28,female,3.0,4.0,4.0,2.0,174.48527981508278,0.35083630912524544
1191,C2,S1,4,10,Nia,1-10-9-8-7-6-3-4-5-2-1,1.0265309672420104,121.7520000000004,C2_S1,80.0,28,female,3.0,4.0,4.0,2.0,173.87526226247928,1.6346033967442166e-14
1192,C2,S1,5,10,Nia,1-10-9-8-7-6-3-5-4-2-1,2.9674341294165774,44.358000000000175,C2_S1,70.0,28,female,3.0,4.0,4.0,2.0,174.0811416276921,0.11840635783027323
1193,C2,S1,6,10,Nia,1-10-9-8-7-6-3-4-5-2-1,2.2371428855904285,42.02700000000005,C2_S1,80.0,28,female,3.0,4.0,4.0,2.0,173.87526226247928,1.6346033967442166e-14
1194,C2,S2,1,9,Nia,1-10-9-8-7-6-5-4-3-2-1,0.0,86.80200000000059,C2_S2,100.0,28,female,3.0,4.0,4.0,2.0,348.980394967228,0.35346109171614915
1195,C2,S2,2,9,Nia,1-10-9-8-7-6-3-5-4-2-1,2.174007923860194,75.09600000000046,C2_S2,70.0,28,female,3.0,4.0,4.0,2.0,348.1677821550609,0.1197846176090553
1196,C2,S2,3,9,Nia,1-10-9-8-7-6-3-4-5-2-1,0.4639288632838376,65.17199999999957,C2_S2,80.0,28,female,3.0,4.0,4.0,2.0,347.7512296743647,1.6346000821919843e-14
1197,C2,S2,4,9,Nia,1-10-9-8-7-6-3-4-5-2-1,1.2519503848510718,64.98799999999937,C2_S2,80.0,28,female,3.0,4.0,4.0,2.0,347.7512296743647,1.6346000821919843e-14
1198,C2,S2,5,9,Nia,1-10-9-8-7-6-3-5-4-2-1,0.5383550323518455,64.33899999999994,C2_S2,70.0,28,female,3.0,4.0,4.0,2.0,348.1677821550609,0.1197846176090553
1199,C2,S2,6,9,Nia,1-10-9-8-7-6-3-4-5-2-1,1.4506498794307698,66.78699999999935,C2_S2,80.0,28,female,3.0,4.0,4.0,2.0,347.7512296743647,1.6346000821919843e-14
1200,C2,S3,1,8,Nia,1-10-9-8-7-6-5-4-3-2-1,4.462969535209734,159.2159999999999,C2_S3,100.0,28,female,3.0,4.0,4.0,2.0,523.4700442506888,0.3504597714625055
1201,C2,S3,2,8,Nia,1-10-9-8-7-6-3-5-4-2-1,3.090456137507549,100.23900000000005,C2_S3,70.0,28,female,3.0,4.0,4.0,2.0,522.2552452432394,0.11757989559116594
1202,C2,S3,3,8,Nia,1-10-9-8-7-6-3-5-4-2-1,3.3333335205278245,92.86200000000008,C2_S3,70.0,28,female,3.0,4.0,4.0,2.0,522.2552452432394,0.11757989559116594
1203,C2,S3,4,8,Nia,1-10-9-8-7-6-3-5-4-2-1,1.8216779948642217,96.89100000000008,C2_S3,70.0,28,female,3.0,4.0,4.0,2.0,522.2552452432394,0.11757989559116594
1204,C2,S3,5,8,Nia,1-10-9-8-7-6-3-5-4-2-1,1.0516549819621726,93.56200000000037,C2_S3,70.0,28,female,3.0,4.0,4.0,2.0,522.2552452432394,0.11757989559116594
1205,C2,S3,6,8,Nia,1-10-9-8-7-6-3-4-5-2-1,0.5348714066771464,100.33899999999994,C2_S3,80.0,28,female,3.0,4.0,4.0,2.0,521.64189924275,0.0
1206,C3,S1,1,5,Nia,1-10-9-8-6-7-5-4-3-2-1,5.648243782182245,92.94500000000016,C3_S1,80.0,28,female,3.0,4.0,4.0,2.0,168.48027569921615,3.81222411591463
1207,C3,S1,2,5,Nia,1-10-9-8-6-7-5-4-3-2-1,6.56970213279253,44.84099999999989,C3_S1,80.0,28,female,3.0,4.0,4.0,2.0,168.48027569921615,3.81222411591463
1208,C3,S1,3,5,Nia,1-10-9-8-6-7-5-4-3-2-1,6.803663467603514,43.45899999999983,C3_S1,80.0,28,female,3.0,4.0,4.0,2.0,168.48027569921615,3.81222411591463
1209,C3,S1,4,5,Nia,1-10-9-8-7-6-5-4-3-2-1,2.321394017525735,47.25599999999986,C3_S1,100.0,28,female,3.0,4.0,4.0,2.0,162.29329169471842,0.0
1210,C3,S1,5,5,Nia,1-10-9-8-6-7-5-4-3-2-1,6.925293205571848,54.7819999999997,C3_S1,80.0,28,female,3.0,4.0,4.0,2.0,168.48027569921615,3.81222411591463
1211,C3,S1,6,5,Nia,1-10-9-8-7-6-5-4-3-2-1,0.0,43.625,C3_S1,100.0,28,female,3.0,4.0,4.0,2.0,162.29329169471842,0.0
1212,C3,S2,1,6,Nia,1-10-9-8-6-7-5-4-3-2-1,4.878384426462237,128.64499999999998,C3_S2,80.0,28,female,3.0,4.0,4.0,2.0,337.08522054641577,3.8155342323420327
1213,C3,S2,2,6,Nia,1-10-9-8-7-6-5-4-3-2-1,2.909221310713256,60.8090000000002,C3_S2,100.0,28,female,3.0,4.0,4.0,2.0,324.696321257674,1.750664086387907e-14
1214,C3,S2,3,6,Nia,1-10-9-8-7-6-5-4-3-2-1,3.0645029314442613,63.05700000000024,C3_S2,100.0,28,female,3.0,4.0,4.0,2.0,324.696321257674,1.750664086387907e-14
1215,C3,S2,4,6,Nia,1-10-9-8-7-6-5-4-3-2-1,0.0,59.11000000000013,C3_S2,100.0,28,female,3.0,4.0,4.0,2.0,324.696321257674,1.750664086387907e-14
1216,C3,S2,5,6,Nia,1-10-9-8-7-6-5-4-3-2-1,0.871095798531875,60.47599999999966,C3_S2,100.0,28,female,3.0,4.0,4.0,2.0,324.696321257674,1.750664086387907e-14
1217,C3,S2,6,6,Nia,1-10-9-8-7-6-5-4-3-2-1,0.1575752015561795,61.07600000000002,C3_S2,100.0,28,female,3.0,4.0,4.0,2.0,324.696321257674,1.750664086387907e-14
1218,C3,S3,1,7,Nia,1-10-9-8-7-6-5-4-3-2-1,0.1200041535929299,117.30499999999984,C3_S3,100.0,28,female,3.0,4.0,4.0,2.0,487.04730642825336,2.3342052449757914e-14
1219,C3,S3,2,7,Nia,1-10-9-8-7-5-4-3-2-6-1,39.27255146006431,132.741,C3_S3,70.0,28,female,3.0,4.0,4.0,2.0,625.3201042328537,28.39001386099841
1220,C3,S3,3,7,Nia,1-10-9-8-7-6-5-4-3-2-1,6.694799069942015,121.83399999999985,C3_S3,100.0,28,female,3.0,4.0,4.0,2.0,487.04730642825336,2.3342052449757914e-14
1221,C3,S3,4,7,Nia,1-10-9-8-7-6-5-4-3-2-1,1.6892860630235509,91.58099999999968,C3_S3,100.0,28,female,3.0,4.0,4.0,2.0,487.04730642825336,2.3342052449757914e-14
1222,C3,S3,5,7,Nia,1-10-9-8-7-6-5-4-3-2-1,1.897337303331399,95.3100000000004,C3_S3,100.0,28,female,3.0,4.0,4.0,2.0,487.04730642825336,2.3342052449757914e-14
1223,C3,S3,6,7,Nia,1-10-9-8-7-6-5-4-3-2-1,0.0,82.87199999999984,C3_S3,100.0,28,female,3.0,4.0,4.0,2.0,487.04730642825336,2.3342052449757914e-14
1224,C4,S1,1,2,Nia,1-10-9-7-6-8-5-4-3-2-1,7.145539125548411,69.5675,C4_S1,70.0,28,female,3.0,4.0,4.0,2.0,173.6674932854678,6.420983290303774
1225,C4,S1,2,2,Nia,1-10-9-7-6-5-4-3-2-8-1,28.424321588105457,68.60210000000001,C4_S1,70.0,28,female,3.0,4.0,4.0,2.0,199.43173908288725,22.208948669567345
1226,C4,S1,3,2,Nia,1-10-9-7-6-8-5-4-3-2-1,4.015809326695847,78.20940000000002,C4_S1,70.0,28,female,3.0,4.0,4.0,2.0,173.6674932854678,6.420983290303774
1227,C4,S1,4,2,Nia,1-10-9-7-8-6-5-4-3-2-1,4.407048598163612,83.25450000000001,C4_S1,80.0,28,female,3.0,4.0,4.0,2.0,169.9577492664097,4.147704631213912
1228,C4,S1,5,2,Nia,1-10-9-7-6-5-4-3-2-8-1,24.239733030931728,58.36149999999998,C4_S1,70.0,28,female,3.0,4.0,4.0,2.0,199.43173908288725,22.208948669567345
1229,C4,S1,6,2,Nia,1-10-9-7-8-6-5-4-3-2-1,2.4047590184558687,98.75659999999992,C4_S1,80.0,28,female,3.0,4.0,4.0,2.0,169.9577492664097,4.147704631213912
1230,C4,S2,1,4,Nia,1-10-9-8-7-6-5-4-3-2-1,1.9835432791028251,137.9860000000001,C4_S2,100.0,28,female,3.0,4.0,4.0,2.0,326.4079399125775,1.741483950299509e-14
1231,C4,S2,2,4,Nia,1-10-9-8-7-6-5-4-3-2-1,1.0691130449376147,81.6400000000001,C4_S2,100.0,28,female,3.0,4.0,4.0,2.0,326.4079399125775,1.741483950299509e-14
1232,C4,S2,3,4,Nia,1-10-9-8-7-6-5-4-3-2-1,2.843522942663084,75.97800000000007,C4_S2,100.0,28,female,3.0,4.0,4.0,2.0,326.4079399125775,1.741483950299509e-14
1233,C4,S2,4,4,Nia,1-10-9-8-7-6-5-4-3-2-1,1.6230897567524796,57.77800000000002,C4_S2,100.0,28,female,3.0,4.0,4.0,2.0,326.4079399125775,1.741483950299509e-14
1234,C4,S2,5,4,Nia,1-10-9-8-7-6-5-4-3-2-1,1.4485085788185044,61.24199999999973,C4_S2,100.0,28,female,3.0,4.0,4.0,2.0,326.4079399125775,1.741483950299509e-14
1235,C4,S2,6,4,Nia,1-10-9-8-7-6-5-4-3-2-1,0.0,63.82300000000032,C4_S2,100.0,28,female,3.0,4.0,4.0,2.0,326.4079399125775,1.741483950299509e-14
1236,C4,S3,1,3,Nia,1-10-9-7-8-6-5-4-3-2-1,6.354593547928059,168.44060000000002,C4_S3,80.0,28,female,3.0,4.0,4.0,2.0,509.9410079226358,4.153848447581765
1237,C4,S3,2,3,Nia,1-10-9-7-8-6-5-4-3-2-1,4.561891702913709,152.07270000000003,C4_S3,80.0,28,female,3.0,4.0,4.0,2.0,509.9410079226358,4.153848447581765
1238,C4,S3,3,3,Nia,1-10-9-8-7-6-5-4-3-2-1,1.347209251801652,132.17499999999995,C4_S3,100.0,28,female,3.0,4.0,4.0,2.0,489.6036157312779,0.0
1239,C4,S3,4,3,Nia,1-10-9-8-6-5-4-3-2-7-1,40.52937547656689,169.47300000000018,C4_S3,70.0,28,female,3.0,4.0,4.0,2.0,675.6976172463992,38.009115034244395
1240,C4,S3,5,3,Nia,1-10-9-7-8-5-4-3-2-6-1,45.475753200315445,164.44399999999996,C4_S3,60.0,28,female,3.0,4.0,4.0,2.0,698.3543094996816,42.63667323138762
1241,C4,S3,6,3,Nia,1-10-9-7-8-6-5-4-3-2-1,4.42699848423108,118.75400000000012,C4_S3,80.0,28,female,3.0,4.0,4.0,2.0,509.9410079226358,4.153848447581765
1242,demo,session,1,0,Nia,1-6-5-4-3-2-1,57.495020840761,104.5512,demo_session,66.66666666666667,28,female,3.0,4.0,4.0,2.0,151.94837931338816,0.0
1243,demo,session,2,0,Nia,1-6-5-4-3-2-1,5.245326484877966,49.40329999999999,demo_session,66.66666666666667,28,female,3.0,4.0,4.0,2.0,151.94837931338816,0.0
1244,demo,session,3,0,Nia,1-6-5-4-3-2-1,1.4559177250628277,40.595,demo_session,66.66666666666667,28,female,3.0,4.0,4.0,2.0,151.94837931338816,0.0
1245,demo,session,4,0,Nia,1-6-5-4-3-2-1,1.9616561444833476,33.784700000000015,demo_session,66.66666666666667,28,female,3.0,4.0,4.0,2.0,151.94837931338816,0.0
1246,demo,session,5,0,Nia,1-6-5-4-3-2-1,1.3282953212059296,35.70070000000001,demo_session,66.66666666666667,28,female,3.0,4.0,4.0,2.0,151.94837931338816,0.0
1247,demo,session,6,0,Nia,1-6-5-4-3-2-1,3.690761546894082,34.733799999999974,demo_session,66.66666666666667,28,female,3.0,4.0,4.0,2.0,151.94837931338816,0.0
1248,C1,S1,1,10,Shahed,1-2-3-4-5-6-7-8-9-10-1,0.5993127519683987,39.51259,C1_S1,100.0,37,female,3.0,4.0,4.0,2.0,172.8367286977851,1.6444253281431282e-14
1249,C1,S1,2,10,Shahed,1-10-9-8-7-6-5-4-3-2-1,0.1230505719028143,38.41361,C1_S1,100.0,37,female,3.0,4.0,4.0,2.0,172.83672869778508,0.0
1250,C1,S1,3,10,Shahed,1-10-9-8-7-6-5-4-3-2-1,0.0326448696969703,40.7115,C1_S1,100.0,37,female,3.0,4.0,4.0,2.0,172.83672869778508,0.0
1251,C1,S1,4,10,Shahed,1-2-3-4-5-6-7-8-9-10-1,1.087691766552123,39.929000000000016,C1_S1,100.0,37,female,3.0,4.0,4.0,2.0,172.8367286977851,1.6444253281431282e-14
1252,C1,S1,5,10,Shahed,1-10-9-8-7-6-5-4-3-2-1,0.0,45.39040000000003,C1_S1,100.0,37,female,3.0,4.0,4.0,2.0,172.83672869778508,0.0
1253,C1,S1,6,10,Shahed,1-10-9-8-7-6-5-4-3-2-1,0.2443365562544493,37.74770000000001,C1_S1,100.0,37,female,3.0,4.0,4.0,2.0,172.83672869778508,0.0
1254,C1,S2,1,8,Shahed,1-2-3-4-5-6-7-8-9-10-1,0.3702179692584236,87.56800000000021,C1_S2,100.0,37,female,3.0,4.0,4.0,2.0,345.6734573955702,1.6444253281431282e-14
1255,C1,S2,2,8,Shahed,1-10-9-8-7-6-5-4-3-2-1,0.2878921856167658,81.47400000000016,C1_S2,100.0,37,female,3.0,4.0,4.0,2.0,345.67345739557015,0.0
1256,C1,S2,3,8,Shahed,1-2-3-4-5-6-7-8-9-10-1,0.448428922877569,75.74499999999989,C1_S2,100.0,37,female,3.0,4.0,4.0,2.0,345.6734573955702,1.6444253281431282e-14
1257,C1,S2,4,8,Shahed,1-10-9-8-7-6-5-4-3-2-1,0.0,76.42700000000013,C1_S2,100.0,37,female,3.0,4.0,4.0,2.0,345.67345739557015,0.0
1258,C1,S2,5,8,Shahed,1-10-9-8-7-6-5-4-3-2-1,0.4973107688895453,73.09799999999996,C1_S2,100.0,37,female,3.0,4.0,4.0,2.0,345.67345739557015,0.0
1259,C1,S2,6,8,Shahed,1-10-9-8-7-6-5-4-3-2-1,0.8087829733586559,78.04399999999987,C1_S2,100.0,37,female,3.0,4.0,4.0,2.0,345.67345739557015,0.0
1260,C1,S3,1,9,Shahed,1-10-9-8-7-6-5-4-3-2-1,0.0,180.6949999999997,C1_S3,100.0,37,female,3.0,4.0,4.0,2.0,518.5101860933553,0.0
1261,C1,S3,2,9,Shahed,1-2-3-4-5-6-7-8-9-10-1,0.4543345208874781,125.31500000000004,C1_S3,100.0,37,female,3.0,4.0,4.0,2.0,518.5101860933553,0.0
1262,C1,S3,3,9,Shahed,1-10-9-8-7-6-5-4-3-2-1,0.5143201026195855,118.60500000000002,C1_S3,100.0,37,female,3.0,4.0,4.0,2.0,518.5101860933553,0.0
1263,C1,S3,4,9,Shahed,1-2-3-4-5-6-7-8-9-10-1,0.0567651397633221,116.95600000000012,C1_S3,100.0,37,female,3.0,4.0,4.0,2.0,518.5101860933553,0.0
1264,C1,S3,5,9,Shahed,1-10-9-8-7-6-5-4-3-2-1,0.6432347826356908,143.09799999999996,C1_S3,100.0,37,female,3.0,4.0,4.0,2.0,518.5101860933553,0.0
1265,C1,S3,6,9,Shahed,1-2-3-4-5-6-7-8-9-10-1,0.2602349913824118,188.95399999999967,C1_S3,100.0,37,female,3.0,4.0,4.0,2.0,518.5101860933553,0.0
1266,C2,S1,1,3,Shahed,1-10-9-8-7-6-5-4-3-2-1,0.8990087667314665,77.17706,C2_S1,100.0,37,female,3.0,4.0,4.0,2.0,174.48527981508278,0.35083630912524544
1267,C2,S1,2,3,Shahed,1-10-9-8-7-6-5-4-3-2-1,2.820472638563423,80.69036999999999,C2_S1,100.0,37,female,3.0,4.0,4.0,2.0,174.48527981508278,0.35083630912524544
1268,C2,S1,3,3,Shahed,1-2-3-4-5-6-7-8-9-10-1,0.0,63.0238,C2_S1,100.0,37,female,3.0,4.0,4.0,2.0,174.48527981508272,0.3508363091252128
1269,C2,S1,4,3,Shahed,1-2-3-4-6-5-7-8-9-10-1,3.0823758136440658,68.2355,C2_S1,80.0,37,female,3.0,4.0,4.0,2.0,184.5709307737691,6.1513457245826295
1270,C2,S1,5,3,Shahed,1-2-3-4-5-6-7-8-9-10-1,0.5642746536928045,68.86840000000001,C2_S1,100.0,37,female,3.0,4.0,4.0,2.0,174.48527981508272,0.3508363091252128
1271,C2,S1,6,3,Shahed,1-2-3-4-6-5-7-8-9-10-1,4.1305288919070025,73.2475,C2_S1,80.0,37,female,3.0,4.0,4.0,2.0,184.5709307737691,6.1513457245826295
1272,C2,S2,1,4,Shahed,1-10-9-8-7-6-5-4-3-2-1,0.6690300742535746,151.87309999999997,C2_S2,100.0,37,female,3.0,4.0,4.0,2.0,348.980394967228,0.35346109171614915
1273,C2,S2,2,4,Shahed,1-2-3-4-6-5-7-8-9-10-1,6.078490733176633,119.08729999999991,C2_S2,80.0,37,female,3.0,4.0,4.0,2.0,369.13579042221187,6.149384652894481
1274,C2,S2,3,4,Shahed,1-2-3-4-5-6-7-8-9-10-1,0.0,115.5906,C2_S2,100.0,37,female,3.0,4.0,4.0,2.0,348.98039496722794,0.35346109171613277
1275,C2,S2,4,4,Shahed,1-10-9-8-7-6-5-4-3-2-1,0.6634935985972817,100.40510000000006,C2_S2,100.0,37,female,3.0,4.0,4.0,2.0,348.980394967228,0.35346109171614915
1276,C2,S2,5,4,Shahed,1-2-3-4-5-6-7-8-9-10-1,0.4386478984068558,142.7982000000001,C2_S2,100.0,37,female,3.0,4.0,4.0,2.0,348.98039496722794,0.35346109171613277
1277,C2,S2,6,4,Shahed,1-10-9-8-7-6-5-4-3-2-1,0.4101998373218528,122.53500000000008,C2_S2,100.0,37,female,3.0,4.0,4.0,2.0,348.980394967228,0.35346109171614915
1278,C2,S3,1,2,Shahed,1-10-9-8-7-6-5-4-3-2-1,0.1344771245294513,188.1718,C2_S3,100.0,37,female,3.0,4.0,4.0,2.0,523.4700442506888,0.3504597714625055
1279,C2,S3,2,2,Shahed,1-2-3-4-6-5-7-8-9-10-1,5.752988053951979,157.81799999999998,C2_S3,80.0,37,female,3.0,4.0,4.0,2.0,553.7125691382154,6.148024141086303
1280,C2,S3,3,2,Shahed,1-10-9-8-7-6-5-4-3-2-1,0.0,130.41019999999995,C2_S3,100.0,37,female,3.0,4.0,4.0,2.0,523.4700442506888,0.3504597714625055
1281,C2,S3,4,2,Shahed,1-2-3-6-4-5-7-8-9-10-1,4.27046304500387,159.2831,C2_S3,70.0,37,female,3.0,4.0,4.0,2.0,542.3130087175151,3.9627011374609014
1282,C2,S3,5,2,Shahed,1-10-9-8-7-3-6-5-4-2-1,0.8891256635435265,197.5966,C2_S3,70.0,37,female,3.0,4.0,4.0,2.0,531.4478288747725,1.879820169019679
1283,C2,S3,6,2,Shahed,1-2-3-6-4-5-7-8-9-10-1,3.785231339395624,387.7011,C2_S3,70.0,37,female,3.0,4.0,4.0,2.0,542.3130087175151,3.9627011374609014
1284,C3,S1,1,7,Shahed,1-2-3-4-5-6-7-8-9-10-1,0.5584457498564682,48.15499999999997,C3_S1,100.0,37,female,3.0,4.0,4.0,2.0,162.29329169471842,0.0
1285,C3,S1,2,7,Shahed,1-10-9-8-7-6-5-4-3-2-1,0.0,52.78399999999988,C3_S1,100.0,37,female,3.0,4.0,4.0,2.0,162.29329169471842,0.0
1286,C3,S1,3,7,Shahed,1-10-9-8-7-6-5-4-3-2-1,0.3497075454597653,49.35400000000027,C3_S1,100.0,37,female,3.0,4.0,4.0,2.0,162.29329169471842,0.0
1287,C3,S1,4,7,Shahed,1-2-3-4-5-6-7-8-9-10-1,0.247454246543497,46.28999999999997,C3_S1,100.0,37,female,3.0,4.0,4.0,2.0,162.29329169471842,0.0
1288,C3,S1,5,7,Shahed,1-10-9-8-7-6-5-4-3-2-1,1.4553568665395396,45.59000000000015,C3_S1,100.0,37,female,3.0,4.0,4.0,2.0,162.29329169471842,0.0
1289,C3,S1,6,7,Shahed,1-2-3-4-5-6-7-8-9-10-1,1.047354203785328,51.534000000000106,C3_S1,100.0,37,female,3.0,4.0,4.0,2.0,162.29329169471842,0.0
1290,C3,S2,1,5,Shahed,1-10-9-8-7-6-5-4-3-2-1,0.6108796505169759,76.06169,C3_S2,100.0,37,female,3.0,4.0,4.0,2.0,324.696321257674,1.750664086387907e-14
1291,C3,S2,2,5,Shahed,1-2-3-4-5-6-7-8-9-10-1,0.0,646.43876,C3_S2,100.0,37,female,3.0,4.0,4.0,2.0,324.69632125767396,0.0
1292,C3,S2,3,5,Shahed,1-2-3-4-5-7-6-8-9-10-1,2.943722404936076,157.88469999999995,C3_S2,80.0,37,female,3.0,4.0,4.0,2.0,337.0852205464158,3.815534232342051
1293,C3,S2,4,5,Shahed,1-10-9-8-7-6-5-4-3-2-1,0.028127907302362,86.66799999999989,C3_S2,100.0,37,female,3.0,4.0,4.0,2.0,324.696321257674,1.750664086387907e-14
1294,C3,S2,5,5,Shahed,1-2-3-4-5-6-7-8-9-10-1,0.9966426977899076,87.45129999999995,C3_S2,100.0,37,female,3.0,4.0,4.0,2.0,324.69632125767396,0.0
1295,C3,S2,6,5,Shahed,1-10-9-8-7-6-5-4-3-2-1,0.7885148527174229,82.58899999999994,C3_S2,100.0,37,female,3.0,4.0,4.0,2.0,324.696321257674,1.750664086387907e-14
1296,C3,S3,1,6,Shahed,1-10-9-8-7-6-5-4-3-2-1,0.3069159231165556,177.0329999999999,C3_S3,100.0,37,female,3.0,4.0,4.0,2.0,487.04730642825336,2.3342052449757914e-14
1297,C3,S3,2,6,Shahed,1-2-3-4-5-6-7-8-9-10-1,0.0512735984508024,136.22199999999998,C3_S3,100.0,37,female,3.0,4.0,4.0,2.0,487.04730642825325,0.0
1298,C3,S3,3,6,Shahed,1-10-9-8-7-6-5-4-3-2-1,0.0,123.4340000000002,C3_S3,100.0,37,female,3.0,4.0,4.0,2.0,487.04730642825336,2.3342052449757914e-14
1299,C3,S3,4,6,Shahed,1-2-3-4-5-6-7-8-9-10-1,0.4720571328458879,128.51199999999994,C3_S3,100.0,37,female,3.0,4.0,4.0,2.0,487.04730642825325,0.0
1300,C3,S3,5,6,Shahed,1-2-3-4-5-7-6-8-9-10-1,4.145282797842482,139.6020000000001,C3_S3,80.0,37,female,3.0,4.0,4.0,2.0,505.62927303692754,3.8152282875650387
1301,C3,S3,6,6,Shahed,1-10-9-8-7-6-5-4-3-2-1,0.0483087280187521,116.95700000000012,C3_S3,100.0,37,female,3.0,4.0,4.0,2.0,487.04730642825336,2.3342052449757914e-14
1302,C4,S1,1,13,Shahed,1-10-9-8-7-6-5-4-3-2-1,0.8534039308569911,43.04259999999999,C4_S1,100.0,37,female,3.0,4.0,4.0,2.0,163.18914552003673,0.0
1303,C4,S1,2,13,Shahed,1-2-3-4-5-6-7-8-9-10-1,2.4055693975886934,38.9298,C4_S1,100.0,37,female,3.0,4.0,4.0,2.0,163.18914552003673,0.0
1304,C4,S1,3,13,Shahed,1-10-9-8-7-6-5-4-3-2-1,0.0,42.5598,C4_S1,100.0,37,female,3.0,4.0,4.0,2.0,163.18914552003673,0.0
1305,C4,S1,4,13,Shahed,1-2-3-4-5-6-7-9-10-8-1,36.13060878376376,53.71590000000003,C4_S1,70.0,37,female,3.0,4.0,4.0,2.0,205.54588322611113,25.95560971356011
1306,C4,S1,5,13,Shahed,1-2-3-4-5-6-7-8-9-10-1,1.9733151960286373,51.25150000000002,C4_S1,100.0,37,female,3.0,4.0,4.0,2.0,163.18914552003673,0.0
1307,C4,S1,6,13,Shahed,1-2-3-4-5-8-6-7-9-10-1,4.516428625058124,53.53269999999998,C4_S1,70.0,37,female,3.0,4.0,4.0,2.0,173.66749328546774,6.420983290303739
1308,C4,S2,1,12,Shahed,1-10-9-8-7-6-5-4-3-2-1,0.0,81.67299999999977,C4_S2,100.0,37,female,3.0,4.0,4.0,2.0,326.4079399125775,1.741483950299509e-14
1309,C4,S2,2,12,Shahed,1-10-9-7-8-6-5-4-3-2-1,7.64890795711697,94.46000000000004,C4_S2,80.0,37,female,3.0,4.0,4.0,2.0,339.9584871743721,4.15141471908556
1310,C4,S2,3,12,Shahed,1-2-3-4-5-6-7-8-9-10-1,0.736220190249949,115.88999999999942,C4_S2,100.0,37,female,3.0,4.0,4.0,2.0,326.40793991257743,0.0
1311,C4,S2,4,12,Shahed,1-2-3-4-5-6-7-8-9-10-1,0.4730339613250874,86.85100000000057,C4_S2,100.0,37,female,3.0,4.0,4.0,2.0,326.40793991257743,0.0
1312,C4,S2,5,12,Shahed,1-10-9-8-7-6-5-4-3-2-1,0.0645709198765183,76.36099999999988,C4_S2,100.0,37,female,3.0,4.0,4.0,2.0,326.4079399125775,1.741483950299509e-14
1313,C4,S2,6,12,Shahed,1-2-3-4-5-6-7-8-9-10-1,0.067115280967276,82.32200000000012,C4_S2,100.0,37,female,3.0,4.0,4.0,2.0,326.40793991257743,0.0
1314,C4,S3,1,11,Shahed,1-10-9-7-8-6-5-4-3-2-1,6.9987371890167305,148.7260000000001,C4_S3,80.0,37,female,3.0,4.0,4.0,2.0,509.9410079226358,4.153848447581765
1315,C4,S3,2,11,Shahed,1-2-3-4-5-6-7-8-9-10-1,0.0,144.56299999999965,C4_S3,100.0,37,female,3.0,4.0,4.0,2.0,489.6036157312779,0.0
1316,C4,S3,3,11,Shahed,1-10-9-8-7-6-5-4-3-2-1,1.2554960459966544,120.98599999999988,C4_S3,100.0,37,female,3.0,4.0,4.0,2.0,489.6036157312779,0.0
1317,C4,S3,4,11,Shahed,1-2-3-4-5-6-7-8-9-10-1,0.8159366994754381,168.65700000000015,C4_S3,100.0,37,female,3.0,4.0,4.0,2.0,489.6036157312779,0.0
1318,C4,S3,5,11,Shahed,1-10-9-8-7-6-5-4-3-2-1,1.0152013928635173,120.76999999999953,C4_S3,100.0,37,female,3.0,4.0,4.0,2.0,489.6036157312779,0.0
1319,C4,S3,6,11,Shahed,1-2-3-4-5-6-7-8-9-10-1,0.7332551139285935,138.40200000000004,C4_S3,100.0,37,female,3.0,4.0,4.0,2.0,489.6036157312779,0.0
1320,demo,session,1,0,Shahed,1-2-3-4-5-6-1,0.0631243030585783,43.25939999999997,demo_session,66.66666666666667,37,female,3.0,4.0,4.0,2.0,151.94837931338816,0.0
1321,demo,session,2,0,Shahed,1-6-5-4-3-2-1,0.175577086012578,42.04359999999997,demo_session,66.66666666666667,37,female,3.0,4.0,4.0,2.0,151.94837931338816,0.0
1322,demo,session,3,0,Shahed,1-6-5-4-3-2-1,0.8707519800371127,46.57260000000002,demo_session,66.66666666666667,37,female,3.0,4.0,4.0,2.0,151.94837931338816,0.0
1323,demo,session,4,0,Shahed,1-2-3-4-5-6-1,0.0,41.710500000000025,demo_session,66.66666666666667,37,female,3.0,4.0,4.0,2.0,151.94837931338816,0.0
1324,demo,session,5,0,Shahed,1-2-3-4-5-6-1,1.5184154050218213,43.242399999999975,demo_session,66.66666666666667,37,female,3.0,4.0,4.0,2.0,151.94837931338816,0.0
1325,demo,session,6,0,Shahed,1-6-5-4-3-2-1,0.1905842497461189,43.22580000000005,demo_session,66.66666666666667,37,female,3.0,4.0,4.0,2.0,151.94837931338816,0.0
1326,C1,S1,1,13,Sheikh,1-2-3-4-5-6-7-8-9-10-1,4.893921433842293,33.918000000000575,C1_S1,100.0,29,male,4.0,4.0,4.0,2.0,172.8367286977851,1.6444253281431282e-14
1327,C1,S1,2,13,Sheikh,1-10-9-8-7-6-5-4-3-2-1,3.874301845647361,28.305999999999585,C1_S1,100.0,29,male,4.0,4.0,4.0,2.0,172.83672869778508,0.0
1328,C1,S1,3,13,Sheikh,1-10-9-8-7-6-5-4-3-2-1,2.6745017521892454,27.506999999999607,C1_S1,100.0,29,male,4.0,4.0,4.0,2.0,172.83672869778508,0.0
1329,C1,S1,4,13,Sheikh,1-10-9-8-7-6-5-4-3-2-1,0.0,44.80699999999979,C1_S1,100.0,29,male,4.0,4.0,4.0,2.0,172.83672869778508,0.0
1330,C1,S1,5,13,Sheikh,1-2-3-4-5-6-7-8-9-10-1,3.6091430179753408,31.038000000000466,C1_S1,100.0,29,male,4.0,4.0,4.0,2.0,172.8367286977851,1.6444253281431282e-14
1331,C1,S1,6,13,Sheikh,1-10-9-8-7-6-5-4-3-2-1,2.7005425261475198,29.3720000000003,C1_S1,100.0,29,male,4.0,4.0,4.0,2.0,172.83672869778508,0.0
1332,C1,S2,1,11,Sheikh,1-10-9-8-7-6-5-4-3-2-1,0.3466483279521594,87.81700000000001,C1_S2,100.0,29,male,4.0,4.0,4.0,2.0,345.67345739557015,0.0
1333,C1,S2,2,11,Sheikh,1-2-3-4-5-6-7-8-9-10-1,0.9587612042940478,94.47800000000008,C1_S2,100.0,29,male,4.0,4.0,4.0,2.0,345.6734573955702,1.6444253281431282e-14
1334,C1,S2,3,11,Sheikh,1-10-9-8-7-6-5-4-3-2-1,0.0,102.7529999999997,C1_S2,100.0,29,male,4.0,4.0,4.0,2.0,345.67345739557015,0.0
1335,C1,S2,4,11,Sheikh,1-2-3-4-5-6-7-8-9-10-1,0.6953073094541509,55.66399999999976,C1_S2,100.0,29,male,4.0,4.0,4.0,2.0,345.6734573955702,1.6444253281431282e-14
1336,C1,S2,5,11,Sheikh,1-2-3-4-5-6-7-8-9-10-1,0.9250463324513556,59.34400000000005,C1_S2,100.0,29,male,4.0,4.0,4.0,2.0,345.6734573955702,1.6444253281431282e-14
1337,C1,S2,6,11,Sheikh,1-2-3-4-5-6-7-8-9-10-1,1.0922219761518996,54.23199999999997,C1_S2,100.0,29,male,4.0,4.0,4.0,2.0,345.6734573955702,1.6444253281431282e-14
1338,C1,S3,1,12,Sheikh,1-2-3-4-5-6-7-8-9-10-1,0.3116261254125852,89.03200000000015,C1_S3,100.0,29,male,4.0,4.0,4.0,2.0,518.5101860933553,0.0
1339,C1,S3,2,12,Sheikh,1-10-9-8-7-6-5-4-3-2-1,0.1921503676742759,81.0069999999996,C1_S3,100.0,29,male,4.0,4.0,4.0,2.0,518.5101860933553,0.0
1340,C1,S3,3,12,Sheikh,1-2-3-4-5-6-7-8-9-10-1,0.1509737977508887,78.9090000000001,C1_S3,100.0,29,male,4.0,4.0,4.0,2.0,518.5101860933553,0.0
1341,C1,S3,4,12,Sheikh,1-2-3-4-5-6-7-8-9-10-1,0.4640740263431988,78.1260000000002,C1_S3,100.0,29,male,4.0,4.0,4.0,2.0,518.5101860933553,0.0
1342,C1,S3,5,12,Sheikh,1-2-3-4-5-6-7-8-9-10-1,0.3730145418947053,78.90899999999965,C1_S3,100.0,29,male,4.0,4.0,4.0,2.0,518.5101860933553,0.0
1343,C1,S3,6,12,Sheikh,1-2-3-4-5-6-7-8-9-10-1,0.6163674910059277,81.35599999999977,C1_S3,100.0,29,male,4.0,4.0,4.0,2.0,518.5101860933553,0.0
1344,C2,S1,1,8,Sheikh,1-2-3-6-4-5-7-8-9-10-1,5.701411860944677,76.56099999999992,C2_S1,70.0,29,male,4.0,4.0,4.0,2.0,180.77571423892223,3.9686220378067185
1345,C2,S1,2,8,Sheikh,1-2-5-4-3-6-7-8-9-10-1,0.971303930857661,86.2360000000001,C2_S1,80.0,29,male,4.0,4.0,4.0,2.0,173.87526226247925,0.0
1346,C2,S1,3,8,Sheikh,1-2-3-4-5-6-7-8-9-10-1,1.221453285094303,68.18599999999992,C2_S1,100.0,29,male,4.0,4.0,4.0,2.0,174.48527981508272,0.3508363091252128
1347,C2,S1,4,8,Sheikh,1-10-9-8-7-6-5-4-3-2-1,1.1304125337224629,116.40700000000017,C2_S1,100.0,29,male,4.0,4.0,4.0,2.0,174.48527981508278,0.35083630912524544
1348,C2,S1,5,8,Sheikh,1-2-3-4-5-6-7-8-9-10-1,0.0,80.30700000000002,C2_S1,100.0,29,male,4.0,4.0,4.0,2.0,174.48527981508272,0.3508363091252128
1349,C2,S1,6,8,Sheikh,1-3-2-4-5-6-7-8-9-10-1,2.9986927326021315,59.343999999999824,C2_S1,80.0,29,male,4.0,4.0,4.0,2.0,180.18311123769465,3.6278012715191004
1350,C2,S2,1,9,Sheikh,1-10-9-8-7-6-5-4-3-2-1,0.2686813849325426,119.5369999999998,C2_S2,100.0,29,male,4.0,4.0,4.0,2.0,348.980394967228,0.35346109171614915
1351,C2,S2,2,9,Sheikh,1-2-5-4-3-6-7-8-9-10-1,0.0988733380191863,111.97800000000008,C2_S2,80.0,29,male,4.0,4.0,4.0,2.0,347.75122967436465,0.0
1352,C2,S2,3,9,Sheikh,1-2-4-5-3-6-7-8-9-10-1,0.0,110.04599999999982,C2_S2,70.0,29,male,4.0,4.0,4.0,2.0,348.1677821550608,0.11978461760903894
1353,C2,S2,4,9,Sheikh,1-2-5-4-3-6-7-8-9-10-1,0.7076119530278066,74.87900000000036,C2_S2,80.0,29,male,4.0,4.0,4.0,2.0,347.75122967436465,0.0
1354,C2,S2,5,9,Sheikh,1-2-4-5-3-6-7-8-9-10-1,0.5087183227411652,68.83500000000004,C2_S2,70.0,29,male,4.0,4.0,4.0,2.0,348.1677821550608,0.11978461760903894
1355,C2,S2,6,9,Sheikh,1-2-3-4-5-6-7-8-9-10-1,0.8093085630427748,90.26500000000031,C2_S2,100.0,29,male,4.0,4.0,4.0,2.0,348.98039496722794,0.35346109171613277
1356,C2,S3,1,10,Sheikh,1-2-5-4-3-6-7-8-9-10-1,0.0,163.71100000000024,C2_S3,80.0,29,male,4.0,4.0,4.0,2.0,521.64189924275,0.0
1357,C2,S3,2,10,Sheikh,1-10-9-8-7-6-5-4-3-2-1,0.9704666475184914,141.1659999999997,C2_S3,100.0,29,male,4.0,4.0,4.0,2.0,523.4700442506888,0.3504597714625055
1358,C2,S3,3,10,Sheikh,1-3-2-4-5-6-7-8-9-10-1,4.108959405067424,109.3789999999999,C2_S3,80.0,29,male,4.0,4.0,4.0,2.0,540.574831551075,3.629488416442258
1359,C2,S3,4,10,Sheikh,1-10-9-8-7-3-6-5-4-2-1,1.8163338696382103,113.67599999999992,C2_S3,70.0,29,male,4.0,4.0,4.0,2.0,531.4478288747725,1.879820169019679
1360,C2,S3,5,10,Sheikh,1-2-5-4-3-6-7-8-9-10-1,3.736776270571656,104.5340000000001,C2_S3,80.0,29,male,4.0,4.0,4.0,2.0,521.64189924275,0.0
1361,C2,S3,6,10,Sheikh,1-2-5-4-3-6-7-8-9-10-1,0.1958797151435002,98.6569999999997,C2_S3,80.0,29,male,4.0,4.0,4.0,2.0,521.64189924275,0.0
1362,C3,S1,1,6,Sheikh,1-2-3-4-5-6-7-8-9-10-1,1.4814983698502158,82.85529999999994,C3_S1,100.0,29,male,4.0,4.0,4.0,2.0,162.29329169471842,0.0
1363,C3,S1,2,6,Sheikh,1-10-9-8-7-6-5-4-3-2-1,2.2375230842890037,76.2613,C3_S1,100.0,29,male,4.0,4.0,4.0,2.0,162.29329169471842,0.0
1364,C3,S1,3,6,Sheikh,1-2-3-4-5-6-7-8-9-10-1,0.0,75.09559999999999,C3_S1,100.0,29,male,4.0,4.0,4.0,2.0,162.29329169471842,0.0
1365,C3,S1,4,6,Sheikh,1-2-3-4-5-6-7-8-9-10-1,1.9806075687154607,41.96100000000001,C3_S1,100.0,29,male,4.0,4.0,4.0,2.0,162.29329169471842,0.0
1366,C3,S1,5,6,Sheikh,1-2-3-4-5-6-7-8-9-10-1,2.84124848954653,42.60900000000015,C3_S1,100.0,29,male,4.0,4.0,4.0,2.0,162.29329169471842,0.0
1367,C3,S1,6,6,Sheikh,1-2-3-4-5-6-7-8-9-10-1,1.7560019151410244,33.70100000000002,C3_S1,100.0,29,male,4.0,4.0,4.0,2.0,162.29329169471842,0.0
1368,C3,S2,1,7,Sheikh,1-2-3-4-5-6-7-8-9-10-1,1.0378399308085824,119.12099999999988,C3_S2,100.0,29,male,4.0,4.0,4.0,2.0,324.69632125767396,0.0
1369,C3,S2,2,7,Sheikh,1-10-9-8-7-6-5-4-3-2-1,0.2707559315161225,68.83500000000004,C3_S2,100.0,29,male,4.0,4.0,4.0,2.0,324.696321257674,1.750664086387907e-14
1370,C3,S2,3,7,Sheikh,1-2-3-4-5-7-6-8-9-10-1,3.386009924038899,95.02700000000004,C3_S2,80.0,29,male,4.0,4.0,4.0,2.0,337.0852205464158,3.815534232342051
1371,C3,S2,4,7,Sheikh,1-10-9-8-7-6-5-4-3-2-1,0.0,77.52700000000004,C3_S2,100.0,29,male,4.0,4.0,4.0,2.0,324.696321257674,1.750664086387907e-14
1372,C3,S2,5,7,Sheikh,1-10-9-8-7-6-5-4-3-2-1,1.2561599575720082,58.22900000000004,C3_S2,100.0,29,male,4.0,4.0,4.0,2.0,324.696321257674,1.750664086387907e-14
1373,C3,S2,6,7,Sheikh,1-10-9-8-7-6-5-4-3-2-1,0.0588682105672159,63.74000000000001,C3_S2,100.0,29,male,4.0,4.0,4.0,2.0,324.696321257674,1.750664086387907e-14
1374,C3,S3,1,5,Sheikh,1-10-9-8-7-6-5-4-3-2-1,4.355547856070178,134.806,C3_S3,100.0,29,male,4.0,4.0,4.0,2.0,487.04730642825336,2.3342052449757914e-14
1375,C3,S3,2,5,Sheikh,1-2-3-4-5-6-7-8-9-10-1,0.0,122.65060000000004,C3_S3,100.0,29,male,4.0,4.0,4.0,2.0,487.04730642825325,0.0
1376,C3,S3,3,5,Sheikh,1-10-9-8-6-7-5-4-3-2-1,3.627090732057562,131.44239999999996,C3_S3,80.0,29,male,4.0,4.0,4.0,2.0,505.62927303692754,3.8152282875650387
1377,C3,S3,4,5,Sheikh,1-2-3-4-5-6-7-8-9-10-1,0.0559372250753282,115.241,C3_S3,100.0,29,male,4.0,4.0,4.0,2.0,487.04730642825325,0.0
1378,C3,S3,5,5,Sheikh,1-2-3-4-5-6-7-8-9-10-1,0.430278319002903,123.59979999999996,C3_S3,100.0,29,male,4.0,4.0,4.0,2.0,487.04730642825325,0.0
1379,C3,S3,6,5,Sheikh,1-10-9-8-7-6-5-4-3-2-1,0.2242080864772841,110.4457000000001,C3_S3,100.0,29,male,4.0,4.0,4.0,2.0,487.04730642825336,2.3342052449757914e-14
1380,C4,S1,1,3,Sheikh,1-10-9-7-8-6-5-4-3-2-1,4.964938374503282,72.56721,C4_S1,80.0,29,male,4.0,4.0,4.0,2.0,169.9577492664097,4.147704631213912
1381,C4,S1,2,3,Sheikh,1-2-3-4-5-6-8-7-9-10-1,4.32071975563283,81.12993999999999,C4_S1,80.0,29,male,4.0,4.0,4.0,2.0,169.95774926640968,4.147704631213895
1382,C4,S1,3,3,Sheikh,1-10-9-8-7-6-5-4-3-2-1,0.9914792356303546,96.5729,C4_S1,100.0,29,male,4.0,4.0,4.0,2.0,163.18914552003673,0.0
1383,C4,S1,4,3,Sheikh,1-2-3-4-5-6-7-8-9-10-1,0.0,97.55589999999997,C4_S1,100.0,29,male,4.0,4.0,4.0,2.0,163.18914552003673,0.0
1384,C4,S1,5,3,Sheikh,1-10-9-8-7-6-5-4-3-2-1,1.645221475317513,67.06969999999995,C4_S1,100.0,29,male,4.0,4.0,4.0,2.0,163.18914552003673,0.0
1385,C4,S1,6,3,Sheikh,1-10-9-7-8-6-5-4-3-2-1,3.7872691560601823,65.97030000000001,C4_S1,80.0,29,male,4.0,4.0,4.0,2.0,169.9577492664097,4.147704631213912
1386,C4,S2,1,4,Sheikh,1-2-3-4-5-6-7-8-9-10-1,0.4301237478197283,127.19240000000002,C4_S2,100.0,29,male,4.0,4.0,4.0,2.0,326.40793991257743,0.0
1387,C4,S2,2,4,Sheikh,1-10-9-8-7-6-5-4-3-2-1,6.62978341705979,108.5842,C4_S2,100.0,29,male,4.0,4.0,4.0,2.0,326.4079399125775,1.741483950299509e-14
1388,C4,S2,3,4,Sheikh,1-10-9-8-7-6-5-4-3-2-1,1.1617691565937722,106.4687,C4_S2,100.0,29,male,4.0,4.0,4.0,2.0,326.4079399125775,1.741483950299509e-14
1389,C4,S2,4,4,Sheikh,1-2-3-4-5-6-7-8-9-10-1,0.0,131.77379999999994,C4_S2,100.0,29,male,4.0,4.0,4.0,2.0,326.40793991257743,0.0
1390,C4,S2,5,4,Sheikh,1-2-3-4-5-6-7-8-9-10-1,0.4984152429621826,123.12709999999991,C4_S2,100.0,29,male,4.0,4.0,4.0,2.0,326.40793991257743,0.0
1391,C4,S2,6,4,Sheikh,1-10-9-8-6-7-5-4-3-2-1,9.603436733500743,129.42399999999998,C4_S2,80.0,29,male,4.0,4.0,4.0,2.0,354.3539488002342,8.561681708827798
1392,C4,S3,1,2,Sheikh,1-10-9-7-6-5-4-3-2-8-1,32.43733543084175,176.81949999999995,C4_S3,70.0,29,male,4.0,4.0,4.0,2.0,598.3475458185201,22.210606007233203
1393,C4,S3,2,2,Sheikh,1-2-3-4-5-6-7-8-9-10-1,13.46841791103597,193.2454,C4_S3,100.0,29,male,4.0,4.0,4.0,2.0,489.6036157312779,0.0
1394,C4,S3,3,2,Sheikh,1-10-9-8-7-6-5-4-3-2-1,0.0,150.7147,C4_S3,100.0,29,male,4.0,4.0,4.0,2.0,489.6036157312779,0.0
1395,C4,S3,4,2,Sheikh,1-2-3-4-5-8-6-7-9-10-1,7.369598826884137,177.5525,C4_S3,70.0,29,male,4.0,4.0,4.0,2.0,521.0903951594726,6.431075755264926
1396,C4,S3,5,2,Sheikh,1-2-3-4-5-6-8-7-9-10-1,4.321123228893065,140.9521000000001,C4_S3,80.0,29,male,4.0,4.0,4.0,2.0,509.9410079226358,4.153848447581765
1397,C4,S3,6,2,Sheikh,1-10-9-8-7-6-5-4-3-2-1,1.1687437856797398,153.43000000000006,C4_S3,100.0,29,male,4.0,4.0,4.0,2.0,489.6036157312779,0.0
1398,demo,session,1,0,Sheikh,1-2-3-4-5-6-1,6.756074837463211,46.86203,demo_session,66.66666666666667,29,male,4.0,4.0,4.0,2.0,151.94837931338816,0.0
1399,demo,session,2,0,Sheikh,1-6-5-4-3-2-1,5.629909406117884,46.87868,demo_session,66.66666666666667,29,male,4.0,4.0,4.0,2.0,151.94837931338816,0.0
1400,demo,session,3,0,Sheikh,1-2-3-4-5-6-1,7.754749842618488,47.36188,demo_session,66.66666666666667,29,male,4.0,4.0,4.0,2.0,151.94837931338816,0.0
1401,demo,session,4,0,Sheikh,1-2-3-4-5-6-1,5.796663188199782,35.68369999999999,demo_session,66.66666666666667,29,male,4.0,4.0,4.0,2.0,151.94837931338816,0.0
1402,demo,session,5,0,Sheikh,1-6-5-4-3-2-1,4.23866683087745,40.51490000000001,demo_session,66.66666666666667,29,male,4.0,4.0,4.0,2.0,151.94837931338816,0.0
1403,demo,session,6,0,Sheikh,1-6-5-4-3-2-1,4.891098427016623,45.8791,demo_session,66.66666666666667,29,male,4.0,4.0,4.0,2.0,151.94837931338816,0.0
